片名,导演演员信息,发行日期,国家/地区,评分,评论
肖申克的救赎,导演:弗兰克·德拉邦特FrankDarabont   主演:蒂姆·罗宾斯TimRobbins/...,1994 , 美国 ,9.6,希望让人自由。
霸王别姬,导演:陈凯歌KaigeChen   主演:张国荣LeslieCheung/张丰毅FengyiZha...,1993 , 中国大陆 香港 ,9.5,风华绝代。
这个杀手不太冷,导演:吕克·贝松LucBesson   主演:让·雷诺JeanReno/娜塔莉·波特曼...,1994 , 法国 ,9.4,怪蜀黍和小萝莉不得不说的故事。
阿甘正传,导演:RobertZemeckis   主演:TomHanks/RobinWrightPenn/GarySinise,1994 , 美国 ,9.4,一部美国近现代史。
美丽人生,导演:罗伯托·贝尼尼RobertoBenigni   主演:罗伯托·贝尼尼RobertoBeni...,1997 , 意大利 ,9.5,最美的谎言。
千与千寻,导演:宫崎骏HayaoMiyazaki   主演:柊瑠美RumiHîragi/入野自由Miy...,2001 , 日本 ,9.2,最好的宫崎骏，最好的久石让。 
泰坦尼克号,导演:詹姆斯·卡梅隆JamesCameron   主演:莱昂纳多·迪卡普里奥Leonardo...,1997 , 美国 ,9.2,失去的才是永恒的。 
辛德勒的名单,导演:史蒂文·斯皮尔伯格StevenSpielberg   主演:连姆·尼森LiamNeeson...,1993 , 美国 ,9.4,拯救一个人，就是拯救整个世界。
盗梦空间,导演:克里斯托弗·诺兰ChristopherNolan   主演:莱昂纳多·迪卡普里奥Le...,2010 , 美国 英国 ,9.3,诺兰给了我们一场无法盗取的梦。
机器人总动员,导演:安德鲁·斯坦顿AndrewStanton   主演:本·贝尔特BenBurtt/艾丽...,2008 , 美国 ,9.3,小瓦力，大人生。
海上钢琴师,导演:朱塞佩·托纳多雷GiuseppeTornatore   主演:蒂姆·罗斯TimRoth/...,1998 , 意大利 ,9.2,每个人都要走一条自己坚定了的路，就算是粉身碎骨。 
三傻大闹宝莱坞,导演:拉库马·希拉尼RajkumarHirani   主演:阿米尔·汗AamirKhan/卡...,2009 , 印度 ,9.2,英俊版憨豆，高情商版谢耳朵。
忠犬八公的故事,导演:莱塞·霍尔斯道姆LasseHallström   主演:理查·基尔RichardGer...,2009 , 美国 英国 ,9.2,永远都不能忘记你所爱的人。
放牛班的春天,导演:克里斯托夫·巴拉蒂ChristopheBarratier   主演:杰拉尔·朱诺Géra...,2004 , 法国 瑞士 德国 ,9.2,天籁一般的童声，是最接近上帝的存在。 
大话西游之大圣娶亲,导演:刘镇伟JeffreyLau   主演:周星驰StephenChow/吴孟达ManTatNg...,1995 , 香港 中国大陆 ,9.2,一生所爱。
教父,导演:弗朗西斯·福特·科波拉FrancisFordCoppola   主演:马龙·白兰度M...,1972 , 美国 ,9.2,千万不要记恨你的对手，这样会让你失去理智。
龙猫,导演:宫崎骏HayaoMiyazaki   主演:日高法子NorikoHidaka/坂本千夏Ch...,1988 , 日本 ,9.1,人人心中都有个龙猫，童年就永远不会消失。
楚门的世界,导演:彼得·威尔PeterWeir   主演:金·凯瑞JimCarrey/劳拉·琳妮Lau...,1998 , 美国 ,9.1,如果再也不能见到你，祝你早安，午安，晚安。
乱世佳人,导演:维克多·弗莱明VictorFleming/乔治·库克GeorgeCukor   主演:托...,1939 , 美国 ,9.2,Tomorrow is another day.
熔炉,导演:黄东赫Dong-hyukHwang   主演:孔侑YooGong/郑有美Yu-miJeong...,2011 , 韩国 ,9.2,我们一路奋战不是为了改变世界，而是为了不让世界改变我们。
触不可及,导演:奥利维·那卡什OlivierNakache/艾力克·托兰达EricToledano   主...,2011 , 法国 ,9.1,满满温情的高雅喜剧。
天堂电影院,导演:朱塞佩·托纳多雷GiuseppeTornatore   主演:安东娜拉·塔莉Antonel...,1988 , 意大利 法国 ,9.1,那些吻戏，那些青春，都在影院的黑暗里被泪水冲刷得无比清晰。
当幸福来敲门,导演:加布里尔·穆奇诺GabrieleMuccino   主演:威尔·史密斯WillSmith...,2006 , 美国 ,8.9,平民励志片。 
星际穿越,导演:克里斯托弗·诺兰ChristopherNolan   主演:马修·麦康纳MatthewMc...,2014 , 美国 英国 加拿大 冰岛 ,9.1,爱是一种力量，让我们超越时空感知它的存在。
无间道,导演:刘伟强/麦兆辉   主演:刘德华/梁朝伟/黄秋生,2002 , 香港 ,9.0,香港电影史上永不过时的杰作。
怦然心动,导演:罗伯·莱纳RobReiner   主演:玛德琳·卡罗尔MadelineCarroll/卡...,2010 , 美国 ,8.9,真正的幸福是来自内心深处。
十二怒汉,导演:SidneyLumet   主演:亨利·方达HenryFonda/马丁·鲍尔萨姆Marti...,1957 , 美国 ,9.4,1957年的理想主义。 
搏击俱乐部,导演:大卫·芬奇DavidFincher   主演:爱德华·诺顿EdwardNorton/布拉...,1999 , 美国 德国 ,9.0,邪恶与平庸蛰伏于同一个母体，在特定的时间互相对峙。
少年派的奇幻漂流,导演:李安AngLee   主演:苏拉·沙玛SurajSharma/拉菲·斯波RafeSpa...,2012 , 美国 台湾 英国 加拿大 ,9.0,瑰丽壮观、无人能及的冒险之旅。
指环王3：王者无敌,导演:彼得·杰克逊PeterJackson   主演:维果·莫腾森ViggoMortensen/...,2003 , 美国 新西兰 ,9.1,史诗的终章。
鬼子来了,导演:姜文WenJiang   主演:姜文WenJiang/香川照之TeruyukiKagawa/...,2000 , 中国大陆 ,9.2,对敌人的仁慈，就是对自己残忍。
蝙蝠侠：黑暗骑士,导演:克里斯托弗·诺兰ChristopherNolan   主演:克里斯蒂安·贝尔Christ...,2008 , 美国 英国 ,9.0,无尽的黑暗。
活着,导演:张艺谋YimouZhang   主演:葛优YouGe/巩俐LiGong/姜武WuJiang,1994 , 中国大陆 香港 ,9.1,张艺谋最好的电影。
天空之城,导演:宫崎骏HayaoMiyazaki   主演:田中真弓MayumiTanaka/横泽启子Ke...,1986 , 日本 ,9.0,对天空的追逐，永不停止。 
罗马假日,导演:威廉·惠勒WilliamWyler   主演:奥黛丽·赫本AudreyHepburn/格...,1953 , 美国 ,8.9,爱情哪怕只有一天。
大话西游之月光宝盒,导演:刘镇伟JeffreyLau   主演:周星驰StephenChow/吴孟达ManTatNg...,1995 , 香港 中国大陆 ,8.9,旷古烁今。
飞屋环游记,导演:彼特·道格特PeteDocter/鲍勃·彼德森BobPeterson   主演:爱德...,2009 , 美国 ,8.9,最后那些最无聊的事情，才是最值得怀念的。 
两杆大烟枪,导演:GuyRitchie   主演:JasonFlemyng/DexterFletcher/NickMoran,1998 , 英国 ,9.1,4个臭皮匠顶个诸葛亮，盖·里奇果然不是盖的。
窃听风暴,导演:弗洛里安·亨克尔·冯·多纳斯马FlorianHenckelvonDonnersmarck   ...,2006 , 德国 ,9.1,别样人生。
飞越疯人院,导演:米洛斯·福尔曼MilošForman   主演:杰克·尼科尔森JackNichols...,1975 , 美国 ,9.0,自由万岁。
疯狂动物城,导演:拜伦·霍华德ByronHoward/瑞奇·摩尔RichMoore   主演:金妮弗·...,2016 , 美国 ,9.2,迪士尼给我们营造的乌托邦就是这样，永远善良勇敢，永远出乎意料。
控方证人,导演:比利·怀尔德BillyWilder   主演:查尔斯·劳顿CharlesLaughton/...,1957 , 美国 ,9.6,比利·怀德满分作品。
闻香识女人,导演:马丁·布莱斯MartinBrest   主演:阿尔·帕西诺AlPacino/克里斯...,1992 , 美国 ,8.9,史上最美的探戈。
海豚湾,导演:LouiePsihoyos   主演:JohnChisholm/Mandy-RaeCruikshank/Char...,2009 , 美国 ,9.3,海豚的微笑，是世界上最高明的伪装。
哈尔的移动城堡,导演:宫崎骏HayaoMiyazaki   主演:倍赏千惠子ChiekoBaishô/木村拓...,2004 , 日本 ,8.9,带着心爱的人在天空飞翔。
V字仇杀队,导演:詹姆斯·麦克特格JamesMcTeigue   主演:娜塔莉·波特曼NataliePor...,2005 , 美国 英国 德国 ,8.8,一张面具背后的理想与革命。
教父2,导演:弗朗西斯·福特·科波拉FrancisFordCoppola   主演:阿尔·帕西诺A...,1974 , 美国 ,9.1,优雅的孤独。
辩护人,导演:杨宇硕Woo-seokYang   主演:宋康昊Kang-hoSong/吴达洙Dal-suO...,2013 , 韩国 ,9.1,电影的现实意义大过电影本身。
死亡诗社,导演:彼得·威尔PeterWeir   主演:罗宾·威廉姆斯RobinWilliams/罗伯...,1989 , 美国 ,8.9,当一个死水般的体制内出现一个活跃的变数时，所有的腐臭都站在了光明的对面。
美丽心灵,导演:朗·霍华德RonHoward   主演:罗素·克劳RussellCrowe/詹妮弗·...,2001 , 美国 ,8.9,爱是一切逻辑和原由。
指环王2：双塔奇兵,导演:彼得·杰克逊PeterJackson   主演:伊利亚·伍德ElijahWood/西恩...,2002 , 美国 新西兰 ,9.0,承前启后的史诗篇章。
指环王1：魔戒再现,导演:彼得·杰克逊PeterJackson   主演:伊利亚·伍德ElijahWood/西恩...,2001 , 新西兰 美国 ,8.9,传说的开始。
情书,导演:岩井俊二ShunjiIwai   主演:中山美穗MihoNakayama/丰川悦司Ets...,1995 , 日本 ,8.8,暗恋的极致。
饮食男女,导演:李安AngLee   主演:吴倩莲Chien-lienWu/杨贵媚Kuei-MeiYang/...,1994 , 台湾 美国 ,9.1,人生不能像做菜，把所有的料都准备好了才下锅。
美国往事,导演:赛尔乔·莱翁内SergioLeone   主演:罗伯特·德尼罗RobertDeNiro...,1984 , 意大利 美国 ,9.1,往事如烟，无处祭奠。
天使爱美丽,导演:让-皮埃尔·热内Jean-PierreJeunet   主演:奥黛丽·塔图AudreyTau...,2001 , 法国 德国 ,8.7,法式小清新。 
狮子王,导演:RogerAllers/罗伯·明可夫RobMinkoff   主演:乔纳森·泰勒·托马...,1994 , 美国 ,8.9,动物版《哈姆雷特》。
钢琴家,导演:罗曼·波兰斯基RomanPolanski   主演:艾德里安·布洛迪AdrienBrod...,2002 , 法国 德国 英国 波兰 ,9.0,音乐能化解仇恨。
七宗罪,导演:大卫·芬奇DavidFincher   主演:摩根·弗里曼MorganFreeman/布...,1995 , 美国 ,8.7,警察抓小偷，老鼠玩死猫。
被嫌弃的松子的一生,导演:中岛哲也TetsuyaNakashima   主演:中谷美纪MikiNakatani/瑛太E...,2006 , 日本 ,8.9,以戏谑来戏谑戏谑。
小鞋子,导演:马基德·马基迪MajidMajidi   主演:AmirFarrokhHashemian/默罕...,1997 , 伊朗 ,9.2,奔跑的孩子是天使。
致命魔术,导演:克里斯托弗·诺兰ChristopherNolan   主演:克里斯蒂安·贝尔Christ...,2006 , 美国 英国 ,8.8,孪生蝙蝠侠大战克隆金刚狼。
素媛,导演:李濬益Jun-ikLee   主演:薛景求Kyung-guSol/严志媛Ji-wonUhm...,2013 , 韩国 ,9.1,受过伤害的人总是笑得最开心，因为他们不愿意让身边的人承受一样的痛苦。
勇敢的心,导演:梅尔·吉布森MelGibson   主演:梅尔·吉布森MelGibson/苏菲·玛...,1995 , 美国 ,8.8,史诗大片的典范。
音乐之声,导演:RobertWise   主演:朱丽·安德鲁斯JulieAndrews/克里斯托弗·普...,1965 , 美国 ,8.9,用音乐化解仇恨，让歌声串起美好。
剪刀手爱德华,导演:TimBurton   主演:约翰尼·德普JohnnyDepp/薇诺娜·瑞德Winona...,1990 , 美国 ,8.7,浪漫忧郁的成人童话。
本杰明·巴顿奇事,导演:大卫·芬奇DavidFincher   主演:凯特·布兰切特CateBlanchett/...,2008 , 美国 ,8.7,在时间之河里感受溺水之苦。
低俗小说,导演:昆汀·塔伦蒂诺QuentinTarantino   主演:约翰·特拉沃尔塔JohnTra...,1994 , 美国 ,8.8,故事的高级讲法。
西西里的美丽传说,导演:朱塞佩·托纳多雷GiuseppeTornatore   主演:莫妮卡·贝鲁奇Monica...,2000 , 意大利 美国 ,8.7,美丽无罪。
黑客帝国,导演:安迪·沃卓斯基AndyWachowski/拉娜·沃卓斯基LanaWachowski   主...,1999 , 美国 澳大利亚 ,8.8,视觉革命。
沉默的羔羊,导演:乔纳森·戴米JonathanDemme   主演:朱迪·福斯特JodieFoster/安...,1991 , 美国 ,8.7,安东尼·霍普金斯的顶级表演。
拯救大兵瑞恩,导演:史蒂文·斯皮尔伯格StevenSpielberg   主演:汤姆·汉克斯TomHanks...,1998 , 美国 ,8.9,美利坚精神输出大片No1.
入殓师,导演:泷田洋二郎YôjirôTakita   主演:本木雅弘MasahiroMotoki/...,2008 , 日本 ,8.8,死可能是一道门，逝去并不是终结，而是超越，走向下一程。
蝴蝶效应,导演:埃里克·布雷斯EricBress/J·麦基·格鲁伯J.MackyeGruber   主...,2004 , 美国 加拿大 ,8.7,人的命运被自己瞬间的抉择改变。
玛丽和马克思,导演:亚当·艾略特AdamElliot   主演:托妮·科莱特ToniCollette/菲利...,2009 , 澳大利亚 ,8.9,你是我最好的朋友，你是我唯一的朋友 。
让子弹飞,导演:姜文WenJiang   主演:姜文WenJiang/葛优YouGe/周润发Yun-F...,2010 , 中国大陆 香港 ,8.7,你给我翻译翻译，神马叫做TMD的惊喜。
春光乍泄,导演:王家卫KarWaiWong   主演:张国荣LeslieCheung/梁朝伟TonyLeu...,1997 , 香港 日本 韩国 ,8.8,爱情纠缠，男女一致。
大闹天宫,导演:万籁鸣LaimingWan/唐澄ChengTang   主演:邱岳峰YuefengQiu/...,1961(中国大陆) , 1964(中国大陆) ,9.2,经典之作，历久弥新。
心灵捕手,导演:格斯·范·桑特GusVanSant   主演:马特·达蒙MattDamon/罗宾·...,1997 , 美国 ,8.8,人生中应该拥有这样的一段豁然开朗。
摔跤吧！爸爸,导演:涅提·蒂瓦里NiteshTiwari   主演:阿米尔·汗AamirKhan/法缇玛...,2016 , 印度 ,9.1,None
看不见的客人,导演:奥里奥尔·保罗OriolPaulo   主演:马里奥·卡萨斯MarioCasas/阿...,2016 , 西班牙 ,8.7,你以为你以为的就是你以为的。
幽灵公主,导演:宫崎骏HayaoMiyazaki   主演:松田洋治YôjiMatsuda/石田百合...,1997 , 日本 ,8.8,人与自然的战争史诗。
阳光灿烂的日子,导演:姜文WenJiang   主演:夏雨YuXia/宁静JingNing/陶虹HongTao,1994 , 中国大陆 香港 ,8.7,一场华丽的意淫。
第六感,导演:M·奈特·沙马兰M.NightShyamalan   主演:布鲁斯·威利斯BruceWi...,1999 , 美国 ,8.8,深入内心的恐怖，出人意料的结局。
重庆森林,导演:王家卫KarWaiWong   主演:林青霞BrigitteLin/金城武TakeshiK...,1994 , 香港 ,8.7,寂寞没有期限。
末代皇帝,导演:贝纳尔多·贝托鲁奇BernardoBertolucci   主演:尊龙JohnLone/陈...,1987 , 意大利 中国大陆 英国 法国 ,8.9,“不要跟我比惨，我比你更惨”再适合这部电影不过了。
大鱼,导演:蒂姆·波顿TimBurton   主演:伊万·麦克格雷格EwanMcGregor/阿...,2003 , 美国 ,8.7,抱着梦想而活着的人是幸福的，怀抱梦想而死去的人是不朽的。
禁闭岛,导演:MartinScorsese   主演:莱昂纳多·迪卡普里奥LeonardoDiCaprio/...,2010 , 美国 ,8.6,昔日翩翩少年，今日大腹便便。
射雕英雄传之东成西就,导演:刘镇伟JeffreyLau   主演:梁朝伟TonyLeungChiuWai/林青霞Bri...,1993 , 香港 ,8.7,百看不厌。 
狩猎,导演:托马斯·温特伯格ThomasVinterberg   主演:麦斯·米科尔森MadsMik...,2012 , 丹麦 瑞典 ,9.0,人言可畏。
甜蜜蜜,导演:陈可辛PeterChan   主演:黎明LeonLai/张曼玉MaggieCheung/...,1996 , 香港 ,8.8,相逢只要一瞬间，等待却像是一辈子。
布达佩斯大饭店,导演:韦斯·安德森WesAnderson   主演:拉尔夫·费因斯RalphFiennes/...,2014 , 美国 德国 英国 ,8.8,小清新的故事里注入了大历史的情怀。
一一,导演:杨德昌EdwardYang   主演:吴念真/李凯莉KellyLee/金燕玲Elai...,2000 , 台湾 日本 ,8.9,我们都曾经是一一。
致命ID,导演:JamesMangold   主演:JohnCusack/RayLiotta/AmandaPeet,2003 , 美国 ,8.6,最不可能的那个人永远是最可能的。
阳光姐妹淘,导演:姜炯哲Hyeong-CheolKang   主演:沈恩京Eun-kyungShim/闵孝琳Hy...,2011 , 韩国 ,8.8,再多各自牛逼的时光，也比不上一起傻逼的岁月。 
告白,导演:中岛哲也TetsuyaNakashima   主演:松隆子TakakoMatsu/冈田将生...,2010 , 日本 ,8.7,没有一人完全善，也没有一人完全恶。
哈利·波特与魔法石,导演:ChrisColumbus   主演:DanielRadcliffe/EmmaWatson/RupertGrint,2001 , 美国 英国 ,8.7,童话世界的开端。
上帝之城,导演:KátiaLund/FernandoMeirelles   主演:AlexandreRodrigues/Lea...,2002 , 巴西 法国 ,8.9,被上帝抛弃了的上帝之城。
断背山,导演:李安AngLee   主演:希斯·莱杰HeathLedger/杰克·吉伦哈尔Jake...,2005 , 美国 加拿大 ,8.6,每个人心中都有一座断背山。
加勒比海盗,导演:戈尔·维宾斯基GoreVerbinski   主演:约翰尼·德普JohnnyDepp/...,2003 , 美国 ,8.6,约翰尼·德普的独角戏。
猫鼠游戏,导演:史蒂文·斯皮尔伯格StevenSpielberg   主演:莱昂纳多·迪卡普里奥L...,2002 , 美国 加拿大 ,8.7,骗子大师和执著警探的你追我跑故事。 
摩登时代,导演:查理·卓别林CharlesChaplin   主演:查理·卓别林CharlesChaplin...,1936 , 美国 ,9.2,大时代中的人生，小人物的悲喜。
爱在黎明破晓前,导演:理查德·林克莱特RichardLinklater   主演:伊桑·霍克EthanHawke...,1995 , 美国 奥地利 瑞士 ,8.7,缘分是个连绵词，最美不过一瞬。
阿凡达,导演:詹姆斯·卡梅隆JamesCameron   主演:萨姆·沃辛顿SamWorthington...,2009 , 美国 英国 ,8.6,绝对意义上的美轮美奂。
穿条纹睡衣的男孩,导演:马克·赫门MarkHerman   主演:阿沙·巴特菲尔德AsaButterfield/...,2008 , 英国 美国 ,8.9,尽管有些不切实际的幻想，这部电影依旧是一部感人肺腑的佳作。
风之谷,导演:宫崎骏HayaoMiyazaki   主演:岛本须美SumiShimamoto/松田洋治Y...,1984 , 日本 ,8.8,动画片的圣经。
爱在日落黄昏时,导演:理查德·林克莱特RichardLinklater   主演:伊桑·霍克EthanHawke...,2004 , 美国 ,8.7,九年后的重逢是世俗和责任的交叠，没了悸动和青涩，沧桑而温暖。
消失的爱人,导演:大卫·芬奇DavidFincher   主演:本·阿弗莱克BenAffleck/罗莎蒙...,2014 , 美国 ,8.7,年度最佳date movie。
侧耳倾听,导演:近藤喜文YoshifumiKondo   主演:本名阳子YoukoHonna/小林桂树K...,1995 , 日本 ,8.8,少女情怀总是诗。
萤火虫之墓,导演:高畑勋IsaoTakahata   主演:辰己努/白石绫乃/志乃原良子,1988 , 日本 ,8.7,幸福是生生不息，却难以触及的远。 
超脱,导演:托尼·凯耶TonyKaye   主演:艾德里安·布洛迪AdrienBrody/马西...,2011 , 美国 ,8.8,穷尽一生，我们要学会的，不过是彼此拥抱。
倩女幽魂,导演:程小东Siu-TungChing   主演:张国荣LeslieCheung/王祖贤JoeyW...,1987 , 香港 ,8.6,两张绝世的脸。 
驯龙高手,导演:迪恩·德布洛斯DeanDeBlois/克里斯·桑德斯ChrisSanders   主演:...,2010 , 美国 ,8.7,和谐的生活离不开摸头与被摸头。
红辣椒,导演:今敏SatoshiKon   主演:林原惠美MegumiHayashibara/古谷彻T...,2006 , 日本 ,8.9,梦的勾结。
恐怖直播,导演:金秉祐Byeong-wooKim   主演:河正宇Jung-wooHa/李璟荣Kyeong-y...,2013 , 韩国 ,8.7,恐怖分子的“秋菊打官司”。
菊次郎的夏天,导演:北野武TakeshiKitano   主演:北野武TakeshiKitano/关口雄介Yus...,1999 , 日本 ,8.7,从没见过那么流氓的温柔，从没见过那么温柔的流氓。
幸福终点站,导演:史蒂文·斯皮尔伯格StevenSpielberg   主演:汤姆·汉克斯TomHanks...,2004 , 美国 ,8.6,有时候幸福需要等一等。 
岁月神偷,导演:罗启锐AlexLaw   主演:吴君如SandraNg/任达华SimonYam/钟绍...,2010 , 香港 中国大陆 ,8.6,岁月流逝，来日可追。
七武士,导演:黑泽明AkiraKurosawa   主演:三船敏郎ToshirôMifune/志村乔...,1954 , 日本 ,9.2,时代悲歌。
借东西的小人阿莉埃蒂,导演:米林宏昌HiromasaYonebayashi   主演:志田未来MiraiShida/神木...,2010 , 日本 ,8.7,曾经的那段美好会沉淀为一辈子的记忆。
神偷奶爸,导演:皮艾尔·柯芬PierreCoffin/克里斯·雷纳德ChrisRenaud   主演:...,2010 , 美国 法国 ,8.5,Mr. I Don't Care其实也有Care的时候。
海洋,导演:雅克·贝汉JacquesPerrin/雅克·克鲁奥德JacquesCluzaud   主演:...,2009 , 法国 瑞士 西班牙 美国 阿联酋 ,9.0,大海啊，不全是水。
真爱至上,导演:理查德·柯蒂斯RichardCurtis   主演:休·格兰特HughGrant/柯林...,2003 , 英国 美国 法国 ,8.5,爱，是个动词。
杀人回忆,导演:奉俊昊Joon-hoBong   主演:宋康昊Kang-hoSong/金相庆Sang-kyun...,2003 , 韩国 ,8.6,关于连环杀人悬案的集体回忆。
电锯惊魂,导演:詹姆斯·温JamesWan   主演:雷·沃纳尔LeighWhannell/加利·艾...,2004 , 美国 ,8.7,真相就在眼前。
小森林 夏秋篇,导演:森淳一JunichiMori   主演:桥本爱AiHashimoto/三浦贵大Takahir...,2014 , 日本 ,8.9,那些静得只能听见呼吸的日子里，你明白孤独即生活。
谍影重重3,导演:保罗·格林格拉斯PaulGreengrass   主演:马特·达蒙MattDamon/...,2007 , 美国 德国 ,8.7,像吃了苏打饼一样干脆的电影。
喜剧之王,导演:周星驰StephenChow/李力持Lik-ChiLee   主演:周星驰StephenCh...,1999 , 香港 ,8.5,我是一个演员。
贫民窟的百万富翁,导演:丹尼·鲍尔DannyBoyle/洛芙琳·坦丹LoveleenTandan   主演:戴夫...,2008 , 英国 美国 ,8.5,上帝之城+猜火车+阿甘正传+开心辞典=山寨富翁
雨人,导演:巴瑞·莱文森BarryLevinson   主演:达斯汀·霍夫曼DustinHoffman...,1988 , 美国 ,8.6,生活在自己的世界里，也可以让周围的人显得可笑和渺小。
东邪西毒,导演:王家卫KarWaiWong   主演:张国荣LeslieCheung/张曼玉MaggieC...,1994 , 香港 台湾 ,8.6,电影诗。
记忆碎片,导演:克里斯托弗·诺兰ChristopherNolan   主演:盖·皮尔斯GuyPearce/...,2000 , 美国 ,8.5,一个针管引发的血案。
喜宴,导演:李安   主演:赵文瑄/归亚蕾/金素梅,1993 , 台湾 美国 ,8.8,中国家庭的喜怒哀乐忍。
怪兽电力公司,导演:彼特·道格特PeteDocter/大卫·斯沃曼DavidSilverman   主演:约...,2001 , 美国 ,8.6,不要给它起名字，起了名字就有感情了。
燃情岁月,导演:爱德华·兹威克EdwardZwick   主演:安东尼·霍普金斯AnthonyHopki...,1994 , 美国 ,8.7,传奇，不是每个人都可以拥有。
疯狂原始人,导演:科克·德·米科KirkDeMicco/克里斯·桑德斯ChrisSanders   主演...,2013 , 美国 ,8.7,老少皆宜，这就是好莱坞动画的魅力。
虎口脱险,导演:杰拉尔·乌里GérardOury   主演:路易·德·菲耐斯LouisdeFunès...,1966 , 法国 英国 ,8.9,永远看不腻的喜剧。
黑天鹅,导演:达伦·阿罗诺夫斯基DarrenAronofsky   主演:娜塔莉·波特曼Natalie...,2010 , 美国 ,8.5,黑暗之美。
卢旺达饭店,导演:特瑞·乔治TerryGeorge   主演:唐·钱德尔DonCheadle/苏菲·奥...,2004 , 英国 南非 意大利 美国 ,8.8,当这个世界闭上双眼，他却敞开了怀抱。
英雄本色,导演:吴宇森JohnWoo   主演:周润发Yun-FatChow/狄龙LungTi/张国...,1986 , 香港 ,8.6,英雄泪短，兄弟情长。 
恋恋笔记本,导演:尼克·卡索维茨NickCassavetes   主演:瑞恩·高斯林RyanGosling/...,2004 , 美国 ,8.5,爱情没有那么多借口，如果不能圆满，只能说明爱的不够。 
猜火车,导演:丹尼·博伊尔DannyBoyle   主演:伊万·麦克格雷格EwanMcGregor/...,1996 , 英国 ,8.5,不可猜的青春迷笛。 
魂断蓝桥,导演:MervynLeRoy   主演:VivienLeigh/RobertTaylor/LucileWatson,1940 , 美国 ,8.8,中国式内在的美国电影。
傲慢与偏见,导演:乔·怀特JoeWright   主演:凯拉·奈特莉KeiraKnightley/马修·...,2005 , 法国 英国 美国 ,8.4,爱是摈弃傲慢与偏见之后的曙光。
穿越时空的少女,导演:细田守MamoruHosoda   主演:仲里依纱RiisaNaka/石田卓也Takuya...,2006 , 日本 ,8.6,爱上未来的你。 
教父3,导演:弗朗西斯·福特·科波拉FrancisFordCoppola   主演:阿尔·帕西诺A...,1990 , 美国 ,8.8,任何信念的力量，都无法改变命运。
完美的世界,导演:克林特·伊斯特伍德ClintEastwood   主演:凯文·科斯特纳KevinCos...,1993 , 美国 ,9.0,坏人的好总是比好人的好来得更感人。
7号房的礼物,导演:李焕庆Hwan-kyeongLee   主演:柳承龙Seung-yongRyoo/朴信惠Shi...,2013 , 韩国 ,8.7,《我是山姆》的《美丽人生》。
雨中曲,导演:StanleyDonen/GeneKelly   主演:GeneKelly/DonaldO'Connor/...,1952 , 美国 ,8.9,骨灰级歌舞片。
纵横四海,导演:吴宇森JohnWoo   主演:周润发Yun-FatChow/张国荣LeslieCheung...,1991 , 香港 ,8.7,香港浪漫主义警匪动作片的巅峰之作。
萤火之森,导演:大森贵弘TakahiroOmori   主演:佐仓绫音AyaneSakura/内山昂辉K...,2011 , 日本 ,8.7,触不到的恋人。
海边的曼彻斯特,导演:肯尼斯·罗纳根KennethLonergan   主演:卡西·阿弗莱克CaseyAffle...,2016 , 美国 ,8.6,我们都有权利不与自己的过去和解。
哈利·波特与死亡圣器(下),导演:大卫·叶茨DavidYates   主演:丹尼尔·雷德克里夫DanielRadcliffe...,2011 , 美国 英国 ,8.6,10年的完美句点。
玩具总动员3,导演:李·昂克里奇LeeUnkrich   主演:汤姆·汉克斯TomHanks/蒂姆·艾...,2010 , 美国 ,8.8,跨度十五年的欢乐与泪水。
花样年华,导演:王家卫KarWaiWong   主演:梁朝伟TonyLeungChiuWai/张曼玉Ma...,2000 , 香港 法国 ,8.5,偷情本没有这样美。
荒蛮故事,导演:达米安·斯兹弗隆DamiánSzifron   主演:达里奥·葛兰帝内提Darío...,2014 , 阿根廷 西班牙 ,8.8,始于荒诞，止于更荒诞。
小森林 冬春篇,导演:森淳一JunichiMori   主演:桥本爱AiHashimoto/三浦贵大Takahir...,2015 , 日本 ,8.9,尊敬他人，尊敬你生活的这片土地，明白孤独是人生的常态。
我是山姆,导演:杰茜·尼尔森JessieNelson   主演:SeanPenn/DakotaFanning/Mi...,2001 , 美国 ,8.8,爱并不需要智商 。
二十二,导演:郭柯KeGuo   主演:,2015 , 中国大陆 ,8.8,有一些东西不应该被遗忘。
人工智能,导演:史蒂文·斯皮尔伯格StevenSpielberg   主演:海利·乔·奥斯蒙Haley...,2001 , 美国 ,8.6,对爱的执着，可以超越一切。
时空恋旅人,导演:理查德·柯蒂斯RichardCurtis   主演:多姆纳尔·格利森DomhnallGl...,2013 , 英国 ,8.6,把每天当作最后一天般珍惜度过，积极拥抱生活，就是幸福。
超能陆战队,导演:唐·霍尔DonHall/克里斯·威廉姆斯ChrisWilliams   主演:斯科特...,2014 , 美国 ,8.6,Balalala~~~
唐伯虎点秋香,导演:李力持Lik-ChiLee   主演:周星驰StephenChow/巩俐LiGong/陈...,1993 , 香港 ,8.4,华太师是黄霑，吴镇宇四大才子之一。
浪潮,导演:丹尼斯·甘塞尔DennisGansel   主演:尤尔根·沃格尔JürgenVogel...,2008 , 德国 ,8.7,世界离独裁只有五天。
冰川时代,导演:卡洛斯·沙尔丹哈CarlosSaldanha/克里斯·韦奇ChrisWedge   主演...,2002 , 美国 ,8.4,松鼠才是角儿。
香水,导演:汤姆·提克威TomTykwer   主演:本·卫肖BenWhishaw/艾伦·瑞克...,2006 , 德国 法国 西班牙 美国 ,8.4,一个单凭体香达到高潮的男人。
蝙蝠侠：黑暗骑士崛起,导演:克里斯托弗·诺兰ChristopherNolan   主演:克里斯蒂安·贝尔Christ...,2012 , 美国 英国 ,8.6,诺兰就是保证。
朗读者,导演:史蒂芬·戴德利StephenDaldry   主演:凯特·温丝莱特KateWinslet...,2008 , 美国 德国 ,8.5,当爱情跨越年龄的界限，它似乎能变得更久远一点，成为一种责任，一种水到渠成的相濡以沫。 
心迷宫,导演:忻钰坤YukunXin   主演:霍卫民WeiminHuo/王笑天XiaotianWang...,2014 , 中国大陆 ,8.6,荒诞讽刺，千奇百巧，抽丝剥茧，百转千回。
追随,导演:克里斯托弗·诺兰ChristopherNolan   主演:杰里米·西奥伯德Jeremy...,1998 , 英国 ,8.9,诺兰的牛逼来源于内心散发出的恐惧。
罗生门,导演:黑泽明AkiraKurosawa   主演:三船敏郎ToshirôMifune/千秋实...,1950 , 日本 ,8.7,人生的N种可能性。
撞车,导演:保罗·哈吉斯PaulHaggis   主演:桑德拉·布洛克SandraBullock/...,2004 , 美国 德国 ,8.6,天使与魔鬼的冲撞。
一次别离,导演:阿斯哈·法哈蒂AsgharFarhadi   主演:佩曼·莫阿迪PeymanMoadi/...,2011 , 伊朗 法国 ,8.7,只有有信仰的人才能说出事实真相。
可可西里,导演:陆川ChuanLu   主演:多布杰Duobujie/张磊LeiZhang/亓亮QiL...,2004 , 中国大陆 香港 ,8.7,坚硬的信仰。
未麻的部屋,导演:今敏SatoshiKon   主演:岩男润子JunkoIwao/松本梨香RicaMatsu...,1997 , 日本 ,8.8,好的剧本是，就算你猜到了结局也猜不到全部。
爆裂鼓手,导演:达米安·沙泽勒DamienChazelle   主演:迈尔斯·特勒MilesTeller/...,2014 , 美国 ,8.6,这个世界从不善待努力的人，努力了也不一定会成功，但是知道自己在努力，就是活下去的动力。
战争之王,导演:安德鲁·尼科尔AndrewNiccol   主演:尼古拉斯·凯奇NicolasCage/...,2005 , 美国 法国 ,8.5,做一颗让别人需要你的棋子。
地球上的星星,导演:阿米尔·汗AamirKhan   主演:达席尔·萨法瑞DarsheelSafary/阿...,2007 , 印度 ,8.8,天使保护事件始末。
梦之安魂曲,导演:达伦·阿伦诺夫斯基DarrenAronofsky   主演:艾伦·伯斯汀EllenBur...,2000 , 美国 ,8.7,一场没有春天的噩梦。
恐怖游轮,导演:克里斯托弗·史密斯ChristopherSmith   主演:梅利莎·乔治Melissa...,2009 , 英国 澳大利亚 ,8.3,不要企图在重复中寻找已经失去的爱。
达拉斯买家俱乐部,导演:让-马克·瓦雷Jean-MarcVallée   主演:马修·麦康纳MatthewMcCon...,2013 , 美国 ,8.6,Jared Leto的腿比女人还美！
碧海蓝天,导演:LucBesson   主演:让-马克·巴尔Jean-MarcBarr/让·雷诺JeanRe...,1988 , 法国 美国 意大利 ,8.7,在那片深蓝中，感受来自大海的忧伤寂寞与美丽自由。
阿飞正传,导演:王家卫KarWaiWong   主演:张国荣LeslieCheung/张曼玉MaggieC...,1990 , 香港 ,8.5,王家卫是一种风格，张国荣是一个代表。
牯岭街少年杀人事件,导演:杨德昌EdwardYang   主演:张震ChenChang/杨静怡LisaYang/张...,1991 , 台湾 ,8.7,弱者送给弱者的一刀。
被解救的姜戈,导演:昆汀·塔伦蒂诺QuentinTarantino   主演:杰米·福克斯JamieFoxx/...,2012 , 美国 ,8.5,热血沸腾，那个低俗、性感的无耻混蛋又来了。
谍影重重2,导演:保罗·格林格拉斯PaulGreengrass   主演:马特·达蒙MattDamon/...,2004 , 美国 德国 ,8.5,谁说王家卫镜头很晃？
谍影重重,导演:道格·里曼DougLiman   主演:马特·达蒙MattDamon/弗兰卡·波坦...,2002 , 美国 德国 捷克 ,8.5,哗啦啦啦啦，天在下雨，哗啦啦啦啦，云在哭泣……找自己。
魔女宅急便,导演:宫崎骏HayaoMiyazaki   主演:高山南MinamiTakayama/佐久间玲Re...,1989 , 日本 ,8.5,宫崎骏的电影总让人感觉世界是美好的，阳光明媚的。
秒速5厘米,导演:新海诚MakotoShinkai   主演:水桥研二KenjiMizuhashi/近藤好美...,2007 , 日本 ,8.3,青春就是放弃和怀念。
惊魂记,导演:AlfredHitchcock   主演:JanetLeigh/AnthonyPerkins/VeraMiles,1960 , 美国 ,8.9,故事的反转与反转，分裂电影的始祖。
忠犬八公物语,导演:SeijirôKôyama   主演:山本圭KeiYamamoto/井川比佐志Hisa...,1987 , 日本 ,9.0,养狗三日，便会对你终其一生。
再次出发之纽约遇见你,导演:约翰·卡尼JohnCarney   主演:凯拉·奈特莉KeiraKnightley/马克...,2013 , 美国 ,8.5,爱我就给我看你的播放列表。
海盗电台,导演:理查德·柯蒂斯RichardCurtis   主演:比尔·奈伊BillNighy/肯尼...,2009 , 英国 德国 法国 ,8.6,生命不止，摇滚不死。
青蛇,导演:徐克HarkTsui   主演:张曼玉MaggieCheung/王祖贤JoeyWang/...,1993 , 香港 ,8.4,人生如此，浮生如斯。谁人言，花彼岸，此生情长意短。谁都是不懂爱的罢了。
东京物语,导演:小津安二郎YasujirôOzu   主演:笠智众ChishûRyû/原节...,1953 , 日本 ,9.2,东京那么大，如果有一天走失了，恐怕一辈子不能再相见。
哪吒闹海,导演:严定宪DingxianYan/王树忱ShuchenWang   主演:梁正晖Zhenghui...,1979 , 中国大陆 ,8.9,想你时你在闹海。
绿里奇迹,导演:FrankDarabont   主演:汤姆·汉克斯TomHanks/大卫·摩斯DavidM...,1999 , 美国 ,8.7,天使暂时离开。
末路狂花,导演:雷德利·斯科特RidleyScott   主演:吉娜·戴维斯GeenaDavis/苏...,1991 , 美国 法国 ,8.7,没有了退路，只好飞向自由。
勇闯夺命岛,导演:迈克尔·贝MichaelBay   主演:肖恩·康纳利SeanConnery/尼古拉...,1996 , 美国 ,8.5,类型片的极致。 
终结者2：审判日,导演:詹姆斯·卡梅隆JamesCameron   主演:阿诺·施瓦辛格ArnoldSchwarz...,1991 , 美国 法国 ,8.6,少见的超越首部的续集，动作片中的经典。
这个男人来自地球,导演:理查德·沙因克曼RichardSchenkman   主演:大卫·李·史密斯David...,2007 , 美国 ,8.5,科幻真正的魅力不是视觉效果能取代的。 
头脑特工队,导演:彼特·道格特PeteDocter/罗纳尔多·德尔·卡门RonaldoDelCarmen  &nb...,2015 , 美国 ,8.7,愿我们都不用长大，每一座城堡都能永远存在。
源代码,导演:邓肯·琼斯DuncanJones   主演:杰克·吉伦哈尔JakeGyllenhaal/...,2011 , 美国 加拿大 ,8.3,邓肯·琼斯继《月球》之后再度奉献出一部精彩绝伦的科幻佳作。
卡萨布兰卡,导演:MichaelCurtiz   主演:亨弗莱·鲍嘉HumphreyBogart/英格丽·褒曼...,1942 , 美国 ,8.6,与同名歌曲无关。
新龙门客栈,导演:李惠民RaymondLee   主演:张曼玉MaggieCheung/林青霞Brigitte...,1992 , 香港 中国大陆 ,8.5,嬉笑怒骂，调风动月。
荒野生存,导演:西恩·潘SeanPenn   主演:埃米尔·赫斯基EmileHirsch/马西娅·...,2007 , 美国 ,8.6,出门必备：本草纲目。
迁徙的鸟,导演:雅克·贝汉JacquesPerrin/雅克·克鲁奥德JacquesCluzaud   主演:...,2001 , 法国 德国 意大利 西班牙 瑞士 ,9.1,最美的飞翔。
黑客帝国3：矩阵革命,导演:AndyWachowski/LarryWachowski   主演:KeanuReeves/LaurenceF...,2003 , 美国 澳大利亚 ,8.5,不得不说，《黑客帝国》系列是商业片与科幻、哲学完美结合的典范。
房间,导演:伦尼·阿伯拉罕森LennyAbrahamson   主演:布丽·拉尔森BrieLarson...,2015 , 爱尔兰 加拿大 英国 美国 ,8.8,被偷走的岁月，被伤害的生命，被禁锢的灵魂，终将被希望和善意救赎。
变脸,导演:吴宇森JohnWoo   主演:约翰·特拉沃尔塔JohnTravolta/尼古拉斯...,1997 , 美国 ,8.4,当发哥的风衣、墨镜出现在了凯奇身上⋯⋯
城市之光,导演:CharlesChaplin   主演:查理·卓别林CharlesChaplin/弗吉尼亚·...,1931 , 美国 ,9.2,永远的小人物，伟大的卓别林。
模仿游戏,导演:莫腾·泰杜姆MortenTyldum   主演:本尼迪克特·康伯巴奇BenedictC...,2014 , 英国 美国 ,8.5,他给机器起名“克里斯托弗”，因为这是他初恋的名字。
E.T. 外星人,导演:StevenSpielberg   主演:HenryThomas/DeeWallace/RobertMacNa...,1982 , 美国 ,8.5,生病的E.T.皮肤的颜色就像柿子饼。
美国丽人,导演:萨姆·门德斯SamMendes   主演:凯文·史派西KevinSpacey/安妮特...,1999 , 美国 ,8.4,每个人的内心都是深不可测的大海。 
发条橙,导演:StanleyKubrick   主演:MalcolmMcDowell/PatrickMagee/Michael...,1971 , 英国 美国 ,8.4,我完全康复了。
黄金三镖客,导演:SergioLeone   主演:ClintEastwood/EliWallach/LeeVanCleef,1966 , 意大利 西班牙 西德 ,9.1,最棒的西部片。
燕尾蝶,导演:岩井俊二ShunjiIwai   主演:恰拉Chara/伊藤步AyumiIto/三上...,1996 , 日本 ,8.6,现实与童话交相辉映的旅程。
英国病人,导演:安东尼·明格拉AnthonyMinghella   主演:拉尔夫·费因斯RalphFien...,1996 , 美国 英国 ,8.4,"In memory, love lives forever..."
无耻混蛋,导演:QuentinTarantino   主演:布拉德·皮特BradPitt/梅拉尼·罗兰M...,2009 , 美国 德国 ,8.4,昆汀同学越来越变态了，比北野武还杜琪峰。
初恋这件小事,导演:普特鹏·普罗萨卡·那·萨克那卡林PuttipongPromsakaNaSakolnakorn/华森·波克彭...,2010 , 泰国 ,8.3,黑小鸭速效美白记。
叫我第一名,导演:彼得·维纳PeterWerner   主演:詹姆斯·沃克JamesWolk/特里特·...,2008 , 美国 ,8.6,乐观比一切都有力量。
非常嫌疑犯,导演:布莱恩·辛格BryanSinger   主演:史蒂芬·鲍德温StephenBaldwin/...,1995 , 德国 美国 ,8.6,我不信仰上帝，但我敬畏上帝。
穆赫兰道,导演:大卫·林奇DavidLynch   主演:娜奥米·沃茨NaomiWatts/劳拉·哈...,2001 , 法国 美国 ,8.3,大卫·林奇的梦境迷宫。
爱在午夜降临前,导演:理查德·林克莱特RichardLinklater   主演:伊桑·霍克EthanHawke...,2013 , 美国 ,8.8,所谓爱情，就是话唠一路，都不会心生腻烦，彼此嫌弃。
勇士,导演:加文·欧康诺GavinO'Connor   主演:汤姆·哈迪TomHardy/乔尔·...,2011 , 美国 ,8.9,热血沸腾，相当完美的娱乐拳击大餐。
一个叫欧维的男人决定去死,导演:汉内斯·赫尔姆HannesHolm   主演:罗夫·拉斯加德RolfLassgård...,2015 , 瑞典 ,8.7,惠及一生的美丽。
上帝也疯狂,导演:JamieUys   主演:MariusWeyers/SandraPrinsloo/N!xau,1980 , 博茨瓦纳 南非 ,8.6,纯净原始的笑与感动。
无敌破坏王,导演:瑞奇·莫尔RichMoore   主演:约翰·C·赖利JohnC.Reilly/萨拉...,2012 , 美国 ,8.6,迪士尼和皮克斯拿错剧本的产物。
疯狂的石头,导演:宁浩HaoNing   主演:郭涛TaoGuo/刘桦HuaLiu/连晋TeddyLin,2006 , 中国大陆 香港 ,8.2,中国版《两杆大烟枪》。
国王的演讲,导演:汤姆·霍珀TomHooper   主演:柯林·菲尔斯ColinFirth/杰弗里·...,2010 , 英国 澳大利亚 美国 ,8.3,皇上无话儿。
血钻,导演:爱德华·兹威克EdwardZwick   主演:莱昂纳多·迪卡普里奥Leonardo...,2006 , 美国 德国 ,8.5,每个美丽事物背后都是滴血的现实。
你的名字。,导演:新海诚MakotoShinkai   主演:神木隆之介RyûnosukeKamiki/上...,2016 , 日本 ,8.4,None
蓝色大门,导演:易智言Chih-yenYee   主演:陈柏霖Bo-linChen/桂纶镁LunmeiKwa...,2002 , 台湾 法国 ,8.3,青春的窃窃私语。 
无人知晓,导演:是枝裕和HirokazuKoreeda   主演:柳乐优弥YûyaYagira/北浦爱...,2004 , 日本 ,9.0,我的平常生活就是他人的幸福。
枪火,导演:杜琪峰JohnnieTo   主演:吴镇宇FrancisNg/任达华SimonYam/...,1999 , 香港 ,8.6,一群演技精湛的戏骨，奉献出一个精致的黑帮小品，成就杜琪峰群戏的巅峰之作。
步履不停,导演:是枝裕和HirokazuKoreeda   主演:阿部宽HiroshiAbe/夏川结衣Yu...,2008 , 日本 ,8.8,日本的家庭电影已经是世界巅峰了，步履不停是巅峰中的佳作。
大卫·戈尔的一生,导演:AlanParker   主演:凯文·史派西KevinSpacey/凯特·温丝莱特Kat...,2003 , 美国 德国 英国 ,8.6,捍卫人权只是信仰，一点不妨碍其行为的残忍。
爱·回家,导演:李廷香Jeong-hyangLee   主演:金艺芬Eul-boonKim/俞承豪Seung-...,2002 , 韩国 ,9.0,献给所有外婆的电影。
遗愿清单,导演:罗伯·莱纳RobReiner   主演:杰克·尼科尔森JackNicholson/摩根...,2007 , 美国 ,8.5,用剩余不多的时间，去燃烧整个生命。
彗星来的那一夜,导演:詹姆斯·沃德·布柯特JamesWardByrkit   主演:艾米丽·芭尔多尼Em...,2013 , 美国 英国 ,8.4,小成本大魅力。
千钧一发,导演:安德鲁·尼科尔AndrewNiccol   主演:伊桑·霍克EthanHawke/乌玛...,1997 , 美国 ,8.7,一部能引人思考的科幻励志片。
我爱你,导演:秋昌民Chang-minChoo   主演:宋在河Jae-hoSong/李顺载Soon-jae...,2011 , 韩国 ,9.0,你要相信，这世上真的有爱存在，不管在什么年纪 
荒岛余生,导演:罗伯特·泽米吉斯RobertZemeckis   主演:汤姆·汉克斯TomHanks/...,2000 , 美国 ,8.5,一个人的独角戏。
血战钢锯岭,导演:梅尔·吉布森MelGibson   主演:安德鲁·加菲尔德AndrewGarfield/...,2016 , 美国 澳大利亚 ,8.7,None
麦兜故事,导演:袁建滔ToeYuen   主演:李晋纬/林海峰JanLamb/吴君如SandraNg,2001 , 香港 ,8.5,麦兜是一只很哲学的猪。 
暖暖内含光,导演:米歇尔·冈瑞MichelGondry   主演:金·凯瑞JimCarrey/凯特·温...,2004 , 美国 ,8.4,恋爱是一次神经的冒险。就算失去记忆，也会爱上你。
曾经,导演:约翰·卡尼JohnCarney   主演:格伦·汉塞德GlenHansard/玛可塔...,2007 , 爱尔兰 ,8.3,有些幸福无关爱情。
月球,导演:邓肯·琼斯DuncanJones   主演:山姆·洛克威尔SamRockwell/凯文...,2009 , 英国 ,8.5,2009媲美《第九区》的又一部科幻神作。
蝴蝶,导演:菲利普·穆伊尔PhilippeMuyl   主演:米歇尔·塞罗MichelSerrault...,2002 , 法国 ,8.6,我们长途跋涉寻找的东西，有可能一直就在身边。 
巴黎淘气帮,导演:LaurentTirard   主演:马克西姆·戈达尔MaximeGodart/瓦莱丽·勒...,2009 , 法国 比利时 ,8.6,四百击的反面。
