shortName,fullName,city,companySize,positionName,education,workYear,jobNature,salary,formatCreateTime,address,description
Veeva,维我软件（上海）有限公司北京分公司,北京,500-2000人,Python,本科,3-5年,全职,25k-35k,2018-02-09,10号线_三元桥;10号线_亮马桥;10号线_农业展览馆;14号线东段_枣营;机场线_三元桥," 行业领先 超长年假 年度旅游"
马蜂窝,北京蚂蜂窝网络科技有限公司,北京,500-2000人,高级Python开发工程师,本科,3-5年,全职,15k-30k,2018-02-08,," 弹性工作 扁平管理 氛围好 年度体检"
老虎证券,北京优虎商务服务有限公司,北京,150-500人,python开发工程师,本科,1-3年,全职,20k-40k,2018-02-07,10号线_三元桥;10号线_亮马桥;10号线_农业展览馆;机场线_三元桥," 绩效奖金 年底双薪 带薪年假 定期体检"
一亩田,北京一人一亩田网络科技有限公司,北京,150-500人,python开发工程师,本科,3-5年,全职,15k-25k,2018-02-06,10号线_知春路;10号线_西土城;13号线_大钟寺;13号线_知春路," 节日礼物 年底双薪 专项奖金 股票期权"
Quantex,宽拓（北京）科技有限公司,北京,50-150人,Python,本科,3-5年,全职,20k-40k,2018-02-11,2号线_车公庄;2号线_西直门;4号线大兴线_新街口;4号线大兴线_西直门;4号线大兴线_动物园;6号线_车公庄;6号线_车公庄西," 技能培训 节日礼物 带薪年假 年度旅游"
智融集团,北京智融时代科技有限公司,北京,150-500人,Python开发工程师,本科,3-5年,全职,20k-40k,2018-02-08,10号线_知春里;10号线_知春路;10号线_西土城;13号线_大钟寺;13号线_知春路," 股票期权 绩效奖金 五险一金 带薪年假"
LinkDoc,零氪信息技术（北京）有限公司,北京,150-500人,Python,本科,1年以下,全职,13k-20k,2018-02-11,4号线大兴线_海淀黄庄;4号线大兴线_中关村;4号线大兴线_北京大学东门;10号线_苏州街;10号线_海淀黄庄;10号线_知春里,
今日头条,北京字节跳动科技有限公司,北京,500-2000人,高级python研发工程师,本科,1-3年,全职,20k-40k,1天前发布,4号线大兴线_人民大学;4号线大兴线_海淀黄庄;10号线_海淀黄庄;10号线_知春里;10号线_知春路;13号线_大钟寺;13号线_知春路," 扁平管理 弹性工作 大厨定制三餐 就近租房补贴"
360企业安全,北京奇安信科技有限公司,北京,2000人以上,python 开发工程师,不限,3-5年,全职,15k-30k,2018-02-12,14号线东段_望京南;14号线东段_将台," 年底双薪 带薪年假 午餐补助 定期体检"
小米,北京小米科技有限责任公司,北京,2000人以上,Python开发工程师-小米电视,本科,3-5年,全职,15k-25k,2018-02-06,13号线_上地," 快速成长 免费班车 扁平管理 技能培训"
家园网,金色家园网络科技有限公司,北京,2000人以上,高级python工程师,本科,5-10年,全职,20k-30k,2018-02-08,," 节日礼物 带薪年假 绩效奖金 管理规范"
摩尔妈妈,北京摩尔妈咪网络科技有限公司,北京,15-50人,Python工程师,本科,1-3年,全职,20k-40k,2018-01-25,14号线东段_东风北桥;14号线东段_枣营," 年底双薪 股票期权 定期体检 带薪年假"
洋葱数学,光合新知（北京）科技有限公司,北京,150-500人,Python,不限,1-3年,全职,15k-30k,1天前发布,," 产品领先行业 关注学习本源 明星跨界团队 股票期权"
便利蜂,便利蜂商贸有限公司,北京,2000人以上,python开发,本科,3-5年,全职,15k-30k,2018-02-12,14号线东段_望京南;14号线东段_将台," 弹性工作 美女多 帅哥多 领导好"
信达泰和,北京信达泰和数据技术有限公司,北京,500-2000人,Python开发工程师,硕士,1-3年,全职,15k-20k,2018-02-13,5号线_和平里北街;5号线_和平西桥;5号线_惠新西街南口;8号线_安华桥;10号线_安贞门;10号线_惠新西街南口," 节日礼物 股票期权 带薪年假 年度旅游"
Veeva,维我软件（上海）有限公司北京分公司,北京,500-2000人,高级Python开发工程师,本科,3-5年,全职,20k-30k,2018-02-09,10号线_三元桥;10号线_亮马桥;10号线_农业展览馆;14号线东段_枣营;机场线_三元桥," 行业领先 超长年假 年度旅游"
小米,北京小米科技有限责任公司,北京,2000人以上,Python开发-服务端,本科,3-5年,全职,25k-35k,2018-02-09,," 快速成长 免费班车 扁平管理 技能培训"
今日头条,北京字节跳动科技有限公司,北京,500-2000人,Python开发工程师,本科,1-3年,全职,20k-35k,1天前发布,," 扁平管理 弹性工作 大厨定制三餐 就近租房补贴"
摩尔妈妈,北京摩尔妈咪网络科技有限公司,北京,15-50人,Python开发工程师,本科,3-5年,全职,30k-50k,2018-01-26,14号线东段_东风北桥;14号线东段_枣营," 年底双薪 股票期权 定期体检 带薪年假"
联想集团,联想（北京）有限公司,北京,2000人以上,Python开发工程师,本科,5-10年,全职,20k-40k,2018-02-11,13号线_西二旗;昌平线_西二旗," 技能培训 待遇优厚 晋升空间 五险一金"
智融集团,北京智融时代科技有限公司,北京,150-500人,高级Python开发工程师,本科,3-5年,全职,20k-40k,2018-02-08,10号线_知春里;10号线_知春路;10号线_西土城;13号线_大钟寺;13号线_知春路," 股票期权 绩效奖金 五险一金 带薪年假"
妙计旅行,北京汇行科技有限公司,北京,150-500人,高级Python研发工程师,本科,1-3年,全职,15k-25k,2018-02-02,2号线_安定门;2号线_雍和宫;5号线_北新桥;5号线_雍和宫;5号线_和平里北街," 股票期权 十四薪 零食饮料水果 团队氛围好"
一起作业网,上海一起作业信息科技有限公司,北京,500-2000人,Python开发工程师,本科,1-3年,全职,15k-30k,2018-02-13,14号线东段_望京;15号线_望京东;15号线_望京," 节日礼物 岗位晋升 扁平管理 领导好"
奇虎360金融,上海淇毓信息科技有限公司,北京,500-2000人,Python开发工程师,本科,3-5年,全职,20k-30k,2018-02-09,14号线东段_望京南;14号线东段_将台," 年底双薪 股票期权 带薪年假 定期体检"
学堂在线,北京慕华信息科技有限公司,北京,150-500人,Python工程师,本科,1-3年,全职,15k-25k,2018-02-09,4号线大兴线_北京大学东门;13号线_五道口;15号线_清华东路西口," 节日礼物 股票期权 带薪年假 氛围轻松"
掌控,北京掌控世代科技有限公司,北京,15-50人,Python研发中级工程师,本科,3-5年,全职,15k-30k,2018-02-09,13号线_西二旗;昌平线_西二旗," 股票期权 带薪年假 定期体检 年度旅游"
家园网,金色家园网络科技有限公司,北京,2000人以上,中级python工程师,本科,3-5年,全职,15k-25k,2018-02-08,," 节日礼物 带薪年假 绩效奖金 管理规范"
iHandy,北京汉迪移动互联网科技股份有限公司,北京,150-500人,Python开发工程师,本科,1-3年,全职,15k-25k,2018-02-13,13号线_五道口;15号线_六道口;15号线_清华东路西口," """""
开拓天际,北京开拓天际科技有限公司,北京,50-150人,Python工程师,本科,3-5年,全职,15k-23k,2018-02-12,10号线_知春路;10号线_西土城;10号线_牡丹园;13号线_大钟寺;13号线_知春路," 年底双薪 股票期权 年终分红 节日礼物"
物灵,北京物灵智能科技有限公司,北京,150-500人,python研发工程师,本科,3-5年,全职,15k-30k,2018-02-12,15号线_望京东," 带薪年假 定期体检 年终分红 餐补"
Veeva,维我软件（上海）有限公司北京分公司,北京,500-2000人,资深Python开发工程师,本科,5-10年,全职,25k-35k,2018-02-09,10号线_三元桥;10号线_亮马桥;10号线_农业展览馆;14号线东段_枣营;机场线_三元桥," 行业领先 超长年假 年度旅游"
小米,北京小米科技有限责任公司,北京,2000人以上,Python开发工程师,本科,3-5年,全职,25k-35k,2018-02-09,," 快速成长 免费班车 扁平管理 技能培训"
Yi+,北京陌上花科技有限公司,北京,15-50人,高级Python开发工程师,本科,3-5年,全职,20k-40k,2018-02-11,4号线大兴线_人民大学;4号线大兴线_海淀黄庄;4号线大兴线_中关村;10号线_苏州街;10号线_海淀黄庄;10号线_知春里," 股票期权 岗位晋升 弹性工作 绩效奖金"
掌阅,掌阅科技股份有限公司,北京,500-2000人,Python研发工程师（中高级）,本科,3-5年,全职,15k-25k,2018-02-09,1号线_四惠东;八通线_四惠东;八通线_高碑店," 专项奖金 带薪年假 年度旅游 扁平管理"
博派通达,北京博派通达科技有限公司,北京,50-150人,Python,大专,1-3年,全职,10K-20K,2018-02-02,5号线_和平西桥;5号线_惠新西街南口;5号线_惠新西街北口;10号线_安贞门;10号线_惠新西街南口;10号线_芍药居;13号线_芍药居;13号线_光熙门," 年底双薪 股票期权 专项奖金 带薪年假"
店商互联,店商互联（北京）科技发展有限公司,北京,500-2000人,Python高级开发工程师,本科,3-5年,全职,15k-25k,2018-01-31,4号线大兴线_人民大学;4号线大兴线_海淀黄庄;4号线大兴线_中关村;10号线_苏州街;10号线_海淀黄庄;10号线_知春里," 技能培训 年底双薪 节日礼物 绩效奖金"
汽车之家,北京车之家信息技术有限公司,北京,2000人以上,Python开发工程师,本科,3-5年,全职,15k-25k,2018-01-23,4号线大兴线_海淀黄庄;4号线大兴线_中关村;4号线大兴线_北京大学东门;10号线_苏州街;10号线_海淀黄庄;10号线_知春里," 技能培训 节日礼物 带薪年假 绩效奖金"
码隆科技,深圳码隆科技有限公司,北京,50-150人,高级Python工程师,不限,3-5年,全职,25k-40k,2018-02-11,4号线大兴线_海淀黄庄;4号线大兴线_中关村;4号线大兴线_北京大学东门;10号线_苏州街;10号线_海淀黄庄," 技术大牛集聚 扁平管理 五险一金 领导好"
摩尔妈妈,北京摩尔妈咪网络科技有限公司,北京,15-50人,高级Python工程师,本科,3-5年,全职,25k-50k,2018-02-09,14号线东段_东风北桥;14号线东段_枣营," 年底双薪 股票期权 定期体检 带薪年假"
凤凰网,凤凰飞扬（北京）新媒体信息技术有限公司,北京,2000人以上,Python工程师-北京-01084,本科,3-5年,全职,15k-25k,2018-01-30,15号线_望京东," 免费班车 八险一金 各色型男 过节大礼包"
钱方好近,北京钱方银通科技有限公司,北京,150-500人,Python开发工程师,本科,3-5年,全职,25k-30k,2018-02-12,14号线东段_望京;14号线东段_阜通;14号线东段_望京南;15号线_望京东;15号线_望京," 节日礼物 带薪年假 绩效奖金 年度旅游"
朗播网,北京博智天下信息技术有限公司,北京,150-500人,Python开发工程师,本科,1-3年,全职,20k-40k,2018-02-12,13号线_上地," 扁平管理 定期体检 股票期权 团建活动"
CastBox,克鲁（北京）网络科技有限公司,北京,15-50人,Python后端开发工程师,本科,3-5年,全职,20k-40k,2018-02-13,14号线东段_望京;14号线东段_阜通;14号线东段_望京南;15号线_望京," 股票期权 弹性工作 六险一金 免费按摩"
柔持英语,柔持（北京）科技有限公司,北京,150-500人,Python后端开发工程师,本科,1-3年,全职,20k-30k,2018-02-11,14号线东段_阜通;14号线东段_望京南," 交通补助 午餐补助 绩效奖金"
新东方教育行业研究院,北京点石经纬科技有限公司,北京,150-500人,Python工程师,本科,3-5年,全职,15k-25k,2018-02-08,4号线大兴线_海淀黄庄;4号线大兴线_中关村;4号线大兴线_北京大学东门;10号线_苏州街;10号线_海淀黄庄," 五险一金 带薪年假 节日礼物 年度旅游"
Veeva,维我软件（上海）有限公司北京分公司,北京,500-2000人,Python软件开发工程师,本科,3-5年,全职,15k-25k,2018-02-09,10号线_三元桥;10号线_亮马桥;10号线_农业展览馆;14号线东段_枣营;机场线_三元桥," 行业领先 超长年假 年度旅游"
小米,北京小米科技有限责任公司,北京,2000人以上,Python工程师（锁屏画报）,本科,3-5年,全职,20k-35k,2018-02-08,13号线_上地," 快速成长 免费班车 扁平管理 技能培训"
码隆科技,深圳码隆科技有限公司,北京,50-150人,Python开发工程师（北京）,不限,3-5年,全职,15k-25k,2018-02-11,4号线大兴线_海淀黄庄;4号线大兴线_中关村;4号线大兴线_北京大学东门;10号线_苏州街;10号线_海淀黄庄," 技术大牛集聚 扁平管理 五险一金 领导好"
LBE 科技,永杨安风（北京）科技有限公司,北京,50-150人,资深Python工程师,本科,3-5年,全职,35k-45k,2018-01-31,1号线_四惠东;八通线_四惠东;八通线_高碑店," 绩效奖金 专项奖金 带薪年假 节日礼物"
东方国信,北京东方国信科技股份有限公司,北京,2000人以上,Python开发工程师,本科,5-10年,全职,18k-25k,2018-01-26,14号线东段_来广营;14号线东段_东湖渠," 大数据软件 技能培训 节日礼物 年底双薪"
新浪网,新浪网技术（中国）有限公司,北京,2000人以上,Python开发工程师,本科,1-3年,全职,13k-26k,2018-02-09,16号线_马连洼," 免费班车 岗位晋升 五险一金 定期体检"
掌阅,掌阅科技股份有限公司,北京,500-2000人,Python研发工程师,本科,1-3年,全职,18k-25k,2018-01-30,1号线_四惠东;八通线_四惠东;八通线_高碑店," 专项奖金 带薪年假 年度旅游 扁平管理"
微车,北京步鼎方舟科技有限公司,北京,150-500人,Python高级开发工程师,本科,3-5年,全职,20k-30k,2018-02-14,10号线_苏州街;10号线_长春桥;10号线_火器营,
果壳网,北京果壳互动信息技术有限公司,北京,150-500人,高级Python开发工程师,本科,3-5年,全职,20k-40k,2018-02-12,1号线_国贸;1号线_大望路;7号线_九龙山;10号线_国贸;14号线东段_大望路;14号线东段_九龙山," 技能培训 年度旅游 岗位晋升 家庭式三餐"
第三石科技,北京第三石科技发展有限公司,北京,50-150人,Python高级开发工程师,本科,3-5年,全职,18k-36k,2018-02-12,14号线东段_望京;14号线东段_阜通;14号线东段_望京南;15号线_望京东;15号线_望京," 股票期权 交通补助 带薪年假 扁平管理"
会分期,会找房（北京）网络技术有限公司,北京,150-500人,python开发工程师,本科,3-5年,全职,15k-30k,2018-02-11,13号线_西二旗;昌平线_西二旗," 节日礼物 股票期权 带薪年假 年度旅游"
零用钱,北京零用钱科技有限公司,北京,50-150人,Python,本科,1-3年,全职,13k-16k,2018-02-05,," 年终分红 股票期权 五险一金 带薪年假"
北京中铁信,北京中铁信科技有限公司,北京,50-150人,Python中级研发工程师,本科,3-5年,全职,14k-23k,2018-01-31,," 带薪年假 绩效奖金 年度旅游 定期体检"
西贝,内蒙古西贝餐饮连锁有限责任公司,北京,2000人以上,Python高级开发工程师,大专,3-5年,全职,12K-16K,2018-01-25,,
好巧,北京好巧国际旅行社有限公司,北京,150-500人,Linux C++/Python中高级研发工程师,本科,3-5年,全职,25k-35k,2018-02-13,5号线_和平西桥;5号线_惠新西街南口;8号线_安华桥;8号线_北土城;10号线_北土城;10号线_安贞门;10号线_惠新西街南口," 五险一金 弹性工作 扁平管理 百万医疗"
Veeva,维我软件（上海）有限公司北京分公司,北京,500-2000人,高级Python开发工程师,本科,5-10年,全职,25k-35k,2018-02-09,10号线_三元桥;10号线_亮马桥;10号线_农业展览馆;14号线东段_枣营;机场线_三元桥," 行业领先 超长年假 年度旅游"
小米,北京小米科技有限责任公司,北京,2000人以上,Python/Go开发工程师-小米视频,本科,3-5年,全职,20k-35k,2018-02-08,13号线_上地," 快速成长 免费班车 扁平管理 技能培训"
掌阅,掌阅科技股份有限公司,北京,500-2000人,高级Python研发工程师,本科,3-5年,全职,25k-35k,2018-02-09,1号线_四惠东;八通线_四惠东;八通线_高碑店," 专项奖金 带薪年假 年度旅游 扁平管理"
乐信圣文,北京乐信圣文科技有限责任公司,北京,15-50人,高级Python开发工程师,本科,3-5年,全职,20k-40k,2018-02-11,8号线_永泰庄;8号线_西小口," 交通补助 午餐补助 项目奖金 季度奖金"
深信服科技集团,深信服科技股份有限公司,北京,2000人以上,Python开发工程师,本科,3-5年,全职,14k-28k,2018-02-09,4号线大兴线_陶然亭;4号线大兴线_菜市口;7号线_菜市口,
Face++,北京旷视科技有限公司,北京,500-2000人,高级Python开发工程师,本科,3-5年,全职,25k-50k,2018-02-08,4号线大兴线_海淀黄庄;4号线大兴线_中关村;4号线大兴线_北京大学东门;10号线_海淀黄庄;10号线_知春里;13号线_五道口," 科技大牛公司 自助三餐 年终多薪 超长带薪假期"
TalkingData,北京腾云天下科技有限公司,北京,500-2000人,Python工程师,本科,3-5年,全职,20k-30k,2018-02-01,2号线_东直门;13号线_柳芳;13号线_东直门;机场线_东直门," 精英团队 扁平管理 海量数据 弹性工作"
去哪儿网,北京趣拿软件科技有限公司,北京,2000人以上,Python高级研发工程师-度假事业部(J11528),本科,3-5年,全职,20k-40k,2018-02-13,4号线大兴线_人民大学;4号线大兴线_海淀黄庄;4号线大兴线_中关村;10号线_苏州街;10号线_海淀黄庄;10号线_知春里," 技能培训 节日礼物 带薪年假 无息住房贷款"
好巧,北京好巧国际旅行社有限公司,北京,150-500人,python高级工程师,本科,5-10年,全职,25k-35k,2018-02-13,5号线_和平西桥;5号线_惠新西街南口;8号线_安华桥;8号线_北土城;10号线_北土城;10号线_安贞门;10号线_惠新西街南口," 五险一金 弹性工作 扁平管理 百万医疗"
秒针系统,北京秒针信息咨询有限公司,北京,150-500人,Python开发工程师,本科,1-3年,全职,15k-30k,2018-02-12,14号线东段_望京;14号线东段_阜通;14号线东段_望京南;15号线_望京东;15号线_望京," 节日礼物 技能培训 年底双薪 技术精英众多"
第三石科技,北京第三石科技发展有限公司,北京,50-150人,Python开发工程师,本科,3-5年,全职,15k-30k,2018-02-12,14号线东段_望京;14号线东段_阜通;14号线东段_望京南;15号线_望京东;15号线_望京," 股票期权 交通补助 带薪年假 扁平管理"
闪银奇异,北京闪银奇异科技有限公司,北京,500-2000人,Python 数据开发工程师,本科,3-5年,全职,20k-40k,2018-02-08,6号线_呼家楼;10号线_农业展览馆;10号线_团结湖;10号线_呼家楼;14号线东段_枣营;14号线东段_朝阳公园," 13~15薪 晋升空间大 定期体检 能力定薪"
博派通达,北京博派通达科技有限公司,北京,50-150人,Python（模拟请求）,大专,1-3年,全职,10K-20K,2018-02-02,5号线_和平西桥;5号线_惠新西街南口;5号线_惠新西街北口;10号线_安贞门;10号线_惠新西街南口;10号线_芍药居;13号线_芍药居;13号线_光熙门," 年底双薪 股票期权 专项奖金 带薪年假"
多牛传媒,北京多牛互动传媒股份有限公司,北京,150-500人,Python开发工程师,本科,1-3年,全职,10k-15k,2018-01-31,," 五险一金 节日礼物 弹性工作 岗位晋升"
NewsJet,北京智分科技有限公司,北京,50-150人,高级Python开发工程师,本科,3-5年,全职,25k-45k,2018-02-12,10号线_知春路;10号线_西土城;13号线_大钟寺;13号线_知春路," 年底双薪 免费两餐 Geek范 免费健身"
Veeva,维我软件（上海）有限公司北京分公司,北京,500-2000人,Software Engineer -Python,本科,3-5年,全职,25k-35k,2018-02-09,10号线_三元桥;10号线_亮马桥;10号线_农业展览馆;14号线东段_枣营;机场线_三元桥," 行业领先 超长年假 年度旅游"
小米,北京小米科技有限责任公司,北京,2000人以上,Python开发工程师,本科,3-5年,全职,20k-30k,2018-02-09,," 快速成长 免费班车 扁平管理 技能培训"
Face++,北京旷视科技有限公司,北京,500-2000人,Python后端开发工程师,本科,3-5年,全职,25k-50k,2018-02-05,4号线大兴线_海淀黄庄;4号线大兴线_中关村;4号线大兴线_北京大学东门;10号线_海淀黄庄;10号线_知春里;13号线_五道口," 科技大牛公司 自助三餐 年终多薪 超长带薪假期"
好巧,北京好巧国际旅行社有限公司,北京,150-500人,python高级工程师,本科,5-10年,全职,25k-35k,2018-02-13,5号线_和平西桥;5号线_惠新西街南口;8号线_安华桥;8号线_北土城;10号线_北土城;10号线_安贞门;10号线_惠新西街南口," 五险一金 弹性工作 扁平管理 百万医疗"
博派通达,北京博派通达科技有限公司,北京,50-150人,Python（模拟请求）,大专,1-3年,全职,10K-20K,2018-02-02,5号线_和平西桥;5号线_惠新西街南口;5号线_惠新西街北口;10号线_安贞门;10号线_惠新西街南口;10号线_芍药居;13号线_芍药居;13号线_光熙门," 年底双薪 股票期权 专项奖金 带薪年假"
多牛传媒,北京多牛互动传媒股份有限公司,北京,150-500人,Python开发工程师,本科,1-3年,全职,10k-15k,2018-01-31,," 五险一金 节日礼物 弹性工作 岗位晋升"
NewsJet,北京智分科技有限公司,北京,50-150人,高级Python开发工程师,本科,3-5年,全职,25k-45k,2018-02-12,10号线_知春路;10号线_西土城;13号线_大钟寺;13号线_知春路," 年底双薪 免费两餐 Geek范 免费健身"
联想集团,联想（北京）有限公司,北京,2000人以上,python开发高级工程师,本科,3-5年,全职,18k-35k,2018-02-11,13号线_西二旗;昌平线_西二旗," 技能培训 待遇优厚 晋升空间 五险一金"
闪银奇异,北京闪银奇异科技有限公司,北京,500-2000人,中高级Python开发,本科,3-5年,全职,15k-30k,2018-02-11,," 13~15薪 晋升空间大 定期体检 能力定薪"
人人行(借贷宝),人人行科技有限公司,北京,2000人以上,高级Python,本科,3-5年,全职,25k-35k,2018-02-07,," 年底双薪 节日礼物 绩效奖金 岗位晋升"
美团点评,北京三快在线科技有限公司,北京,2000人以上,python工程师,本科,3-5年,全职,20k-40k,2018-02-06,15号线_望京东," 技能培训 绩效奖金 岗位晋升 领导好"
新东方教育行业研究院,北京点石经纬科技有限公司,北京,150-500人,高级Python工程师,本科,5-10年,全职,20k-30k,2018-02-05,4号线大兴线_海淀黄庄;4号线大兴线_中关村;4号线大兴线_北京大学东门;10号线_苏州街;10号线_海淀黄庄;10号线_知春里," 五险一金 带薪年假 节日礼物 年度旅游"
大鱼自助游,北京鱼行天下网络科技有限公司,北京,50-150人,Python开发工程师,本科,1-3年,全职,20k-40k,2018-02-02,10号线_亮马桥;14号线东段_东风北桥;14号线东段_枣营," 五险一金 专项奖金 半年调薪 团建旅游"
博云,苏州博纳讯动软件有限公司,北京,150-500人,python开发工程师,本科,1-3年,全职,10k-20k,2018-02-01,10号线_牡丹园;10号线_健德门," 凝聚力强 客户群广 发展迅速 团队年轻"
北京中铁信,北京中铁信科技有限公司,北京,50-150人,Python 中级研发工程师,本科,3-5年,全职,15k-30k,2018-01-31,," 带薪年假 绩效奖金 年度旅游 定期体检"
Veeva,维我软件（上海）有限公司北京分公司,北京,500-2000人,高级工程师-Python,本科,5-10年,全职,25k-35k,2018-02-09,10号线_三元桥;10号线_亮马桥;10号线_农业展览馆;14号线东段_枣营;机场线_三元桥," 行业领先 超长年假 年度旅游"
小米,北京小米科技有限责任公司,北京,2000人以上,后台开发-Python,本科,3-5年,全职,25k-35k,2018-02-09,," 快速成长 免费班车 扁平管理 技能培训"
大鱼自助游,北京鱼行天下网络科技有限公司,北京,50-150人,Python工程师,本科,1-3年,全职,15k-30k,2018-02-02,10号线_亮马桥;14号线东段_东风北桥;14号线东段_枣营," 五险一金 专项奖金 半年调薪 团建旅游"
学堂在线,北京慕华信息科技有限公司,北京,150-500人,系统开发工程师（Python）,本科,5-10年,全职,20k-30k,2018-02-12,4号线大兴线_北京大学东门;13号线_五道口;15号线_清华东路西口," 节日礼物 股票期权 带薪年假 氛围轻松"
真格基金,北京真格天成投资管理有限公司,北京,50-150人,python工程师-真格基金投资企业-互影科技,本科,1-3年,全职,15k-25k,2018-02-07,14号线东段_望京南;14号线东段_将台,
马上金融,马上消费金融股份有限公司,北京,2000人以上,Python开发工程师,大专,3-5年,全职,20k-30k,2018-02-05,1号线_国贸;1号线_大望路;6号线_金台路;10号线_金台夕照;10号线_国贸;14号线东段_金台路;14号线东段_大望路," 股票期权 年终分红 绩效奖金 带薪年假"
博派通达,北京博派通达科技有限公司,北京,50-150人,Python资深工程师,大专,5-10年,全职,20K-40K,2018-02-05,5号线_和平西桥;5号线_惠新西街南口;5号线_惠新西街北口;10号线_安贞门;10号线_惠新西街南口;10号线_芍药居;13号线_芍药居;13号线_光熙门," 年底双薪 股票期权 专项奖金 带薪年假"
星尘数据,北京星尘纪元智能科技有限公司,北京,少于15人,高级Python工程师,本科,3-5年,全职,20k-35k,2018-01-31,10号线_亮马桥;10号线_农业展览馆;10号线_团结湖,
况客科技,况客科技(北京)有限公司,北京,15-50人,Python 工程师,本科,1-3年,全职,15k-30k,2018-01-25,2号线_东四十条;2号线_朝阳门;6号线_东大桥;6号线_朝阳门," 定期体检 午餐补助 带薪年假 绩效奖金"
宜信,普信恒业科技发展（北京）有限公司,北京,2000人以上,Python研发工程师,本科,5-10年,全职,25k-40k,2018-02-13,1号线_国贸;1号线_大望路;6号线_金台路;10号线_金台夕照;10号线_国贸;14号线东段_金台路;14号线东段_大望路," 管理规范 技能培训 扁平管理 弹性工作"
Yi+,北京陌上花科技有限公司,北京,15-50人,Python/Golang开发工程师,本科,1-3年,全职,20k-40k,2018-02-11,4号线大兴线_人民大学;4号线大兴线_海淀黄庄;4号线大兴线_中关村;10号线_苏州街;10号线_海淀黄庄;10号线_知春里," 股票期权 岗位晋升 弹性工作 绩效奖金"
会分期,会找房（北京）网络技术有限公司,北京,150-500人,高级python开发工程师,本科,3-5年,全职,15k-30k,2018-02-11,13号线_西二旗;昌平线_西二旗," 节日礼物 股票期权 带薪年假 年度旅游"
游族网络,上海游族信息技术有限公司,北京,500-2000人,Python开发工程师-base北京,不限,3-5年,全职,12k-18k,2018-02-08,," 五险一金 岗位晋升 弹性工作 扁平管理"
黑牛保,无锡信成网络科技有限公司,北京,15-50人,python开发工程师,本科,3-5年,全职,13k-20k,2018-02-07,亦庄线_万源街;亦庄线_荣京东街;亦庄线_荣昌东街," 扁平管理 弹性工作 绩效奖金 通讯津贴"
格上添富,北京格上添富科技发展有限公司,北京,150-500人,高级Python研发工程师,本科,5-10年,全职,20k-35k,2018-01-29,6号线_呼家楼;6号线_东大桥;10号线_农业展览馆;10号线_团结湖;10号线_呼家楼;10号线_金台夕照," 绩效奖金 带薪年假 午餐补助 定期体检"
Veeva,维我软件（上海）有限公司北京分公司,北京,500-2000人,高级软件工程师 （Python）,本科,3-5年,全职,25k-35k,2018-02-09,10号线_三元桥;10号线_亮马桥;10号线_农业展览馆;14号线东段_枣营;机场线_三元桥," 行业领先 超长年假 年度旅游"
车势科技,北京车势科技有限公司,北京,15-50人,python开发工程师,本科,3-5年,全职,15k-25k,1天前发布,1号线_永安里;1号线_国贸;6号线_呼家楼;6号线_东大桥;10号线_呼家楼;10号线_金台夕照;10号线_国贸," 年底双薪 专项奖金 股票期权 绩效奖金"
好巧,北京好巧国际旅行社有限公司,北京,150-500人,Linux C++/Python高级研发工程师,本科,1-3年,全职,15k-20k,2018-02-13,5号线_和平西桥;5号线_惠新西街南口;8号线_安华桥;8号线_北土城;10号线_北土城;10号线_安贞门;10号线_惠新西街南口," 五险一金 弹性工作 扁平管理 百万医疗"
微创,上海微创软件股份有限公司北京分公司,北京,2000人以上,高级Python工程师,本科,3-5年,全职,10k-15k,2018-02-11,4号线大兴线_海淀黄庄;4号线大兴线_中关村;10号线_苏州街;10号线_海淀黄庄," 年底双薪 节日礼物 技能培训 免费班车"
思源科技,北京思源置地投资有限公司,北京,2000人以上,python,本科,5-10年,全职,20k-30k,2018-02-09,13号线_望京西;14号线东段_望京;14号线东段_阜通;15号线_望京;15号线_望京西," 股票期权 带薪年假 绩效奖金 岗位晋升"
爱特曼科技,北京爱特曼科技有限公司,北京,15-50人,高级Python工程师,本科,3-5年,全职,20k-40k,2018-02-08,15号线_六道口;15号线_清华东路西口," 年底双薪 定期体检 股票期权 带薪年假"
千锋教育,北京千锋互联科技有限公司,北京,500-2000人,python技术总监,大专,3-5年,全职,25k-50k,2018-02-08,8号线_永泰庄," 节日礼物 专项奖金 股票期权 带薪年假"
妙计旅行,北京汇行科技有限公司,北京,150-500人,Python工程师,本科,1-3年,全职,8k-16k,2018-02-02,2号线_安定门;2号线_雍和宫;5号线_北新桥;5号线_雍和宫;5号线_和平里北街," 股票期权 十四薪 零食饮料水果 团队氛围好"
云蜂科技,云蜂科技有限公司,北京,50-150人,Python工程师,本科,3-5年,全职,15k-25k,2018-01-25,10号线_西土城;10号线_牡丹园;10号线_健德门," 绩效奖金 带薪年假 定期体检 年度旅游"
The ONE,小叶子（北京）科技有限公司,北京,150-500人,python,本科,3-5年,全职,20k-30k,2018-02-11,14号线东段_来广营;14号线东段_东湖渠," 优秀团队 篮球羽毛球队 13薪 技术大牛多"
联想集团,联想（北京）有限公司,北京,2000人以上,python开发工程师,本科,3-5年,全职,13k-20k,2018-02-09,13号线_上地;13号线_西二旗;昌平线_西二旗," 技能培训 待遇优厚 晋升空间 五险一金"
Face++,北京旷视科技有限公司,北京,500-2000人,Python工程师,本科,1-3年,全职,20k-40k,2018-02-05,," 科技大牛公司 自助三餐 年终多薪 超长带薪假期"
TalkingData,北京腾云天下科技有限公司,北京,500-2000人,Python工程师J10008,本科,不限,全职,20k-30k,2018-02-01,2号线_东直门;13号线_柳芳;13号线_东直门;机场线_东直门," 精英团队 扁平管理 海量数据 弹性工作"
Forgame,广州菲动软件科技有限公司,北京,150-500人,python后台研发工程师,本科,5-10年,全职,20k-30k,2018-02-01,," 五险一金 商业保险 绩效奖金 午餐补助"
春雨移动健康,北京春雨天下软件有限公司,北京,150-500人,Python,本科,3-5年,全职,20k-40k,2018-02-11,15号线_六道口;15号线_清华东路西口," 绩效奖金 五险一金 带薪年假 定期体检"
Veeva,维我软件（上海）有限公司北京分公司,北京,500-2000人,软件工程师 - Python,本科,3-5年,全职,15k-25k,2018-02-09,10号线_三元桥;10号线_亮马桥;10号线_农业展览馆;14号线东段_枣营;机场线_三元桥," 行业领先 超长年假 年度旅游"
联想集团,联想（北京）有限公司,北京,2000人以上,Python开发工程师,本科,3-5年,全职,17k-18k,2018-02-09,13号线_上地;13号线_西二旗;昌平线_西二旗," 技能培训 待遇优厚 晋升空间 五险一金"
搜狐集团,北京搜狐新媒体信息技术有限公司,北京,2000人以上,搜狐媒体-社交产品中心-Python工程师,本科,1-3年,全职,20k-30k,2018-02-07,4号线大兴线_海淀黄庄;4号线大兴线_中关村;4号线大兴线_北京大学东门;10号线_海淀黄庄;10号线_知春里;10号线_知春路;13号线_知春路;13号线_五道口," 节日礼物 项目奖金 弹性工作时间 15天年假"
天津函数科技有限公司,天津函数科技有限公司,北京,少于15人,Python系统开发工程师,本科,3-5年,全职,15k-20k,2018-01-24,4号线大兴线_海淀黄庄;4号线大兴线_中关村;10号线_海淀黄庄;10号线_知春里;10号线_知春路;13号线_知春路;13号线_五道口," 年底双薪 绩效奖金 定期体检 弹性工作"
多点Dmall,多点生活（中国）网络科技有限公司,北京,500-2000人,（北京）Python开发工程师,本科,3-5年,全职,15k-30k,2018-02-08,13号线_五道口;15号线_六道口;15号线_清华东路西口," 技能培训 年底双薪 节日礼物 绩效奖金"
360企业安全,北京奇安信科技有限公司,北京,2000人以上,360企业安全-Python高级开发工程师,本科,3-5年,全职,15k-30k,2018-02-05,14号线东段_望京南;14号线东段_将台," 年底双薪 带薪年假 午餐补助 定期体检"
Gridsum 国双,北京国双科技有限公司,北京,500-2000人,资深Python开发工程师（北京）,本科,3-5年,全职,20k-30k,2018-02-08,4号线大兴线_人民大学;4号线大兴线_海淀黄庄;10号线_海淀黄庄;10号线_知春里;10号线_知春路;13号线_知春路," 年度旅游 节日礼物 年底双薪 带薪年假"
爱奇艺,北京爱奇艺科技有限公司,北京,2000人以上,Python开发工程师,硕士,1-3年,全职,18k-28k,2018-02-07,4号线大兴线_海淀黄庄;4号线大兴线_中关村;4号线大兴线_北京大学东门;10号线_苏州街;10号线_海淀黄庄," 绩效奖金 五险一金 交通补助 带薪年假"
老虎证券,北京优虎商务服务有限公司,北京,150-500人,Python开发工程师,本科,1-3年,全职,20k-35k,2018-02-06,10号线_三元桥;10号线_亮马桥;10号线_农业展览馆;机场线_三元桥," 绩效奖金 年底双薪 带薪年假 定期体检"
慧影医疗,慧影医疗科技（北京）有限公司,北京,50-150人,Python开发工程师,本科,3-5年,全职,20K-40K,2018-02-06,8号线_永泰庄;8号线_西小口," 技能培训 股票期权 岗位晋升 弹性工作"
猎豹移动,北京金山网络科技有限公司,北京,500-2000人,Python开发工程师,本科,3-5年,全职,15k-30k,2018-01-25,," 带薪年假 美女前台 超赞年终奖 一公里工作圈"
优识云创,优识云创（北京）科技有限公司,北京,50-150人,Python开发工程师,本科,3-5年,全职,15k-25k,2018-02-09,4号线大兴线_海淀黄庄;4号线大兴线_中关村;10号线_苏州街;10号线_海淀黄庄," 绩效奖金 股票期权 五险一金 带薪年假"
天广汇通,北京天广汇通科技有限公司,北京,50-150人,python开发工程师,本科,3-5年,全职,15k-25k,2018-02-05,6号线_慈寿寺;10号线_慈寿寺;10号线_车道沟," 股票期权 午餐补助 通讯津贴 绩效奖金"
云途腾,北京云途腾科技有限责任公司,北京,50-150人,高级python研发工程师,本科,5-10年,全职,20k-40k,2018-01-25,6号线_慈寿寺;6号线_海淀五路居;10号线_慈寿寺," 节日礼物 技能培训 绩效奖金 年度旅游"
学堂在线,北京慕华信息科技有限公司,北京,150-500人,Python开发工程师,本科,3-5年,全职,20k-30k,2018-02-12,4号线大兴线_北京大学东门;13号线_五道口;15号线_清华东路西口," 节日礼物 股票期权 带薪年假 氛围轻松"
Veeva,维我软件（上海）有限公司北京分公司,北京,500-2000人,Python工程师,本科,1-3年,全职,15k-20k,2018-02-09,10号线_三元桥;10号线_亮马桥;10号线_农业展览馆;14号线东段_枣营;机场线_三元桥," 行业领先 超长年假 年度旅游"
数美,北京数美时代科技有限公司,北京,150-500人,python研发工程师,本科,1-3年,全职,15k-30k,2018-02-11,14号线东段_来广营;14号线东段_东湖渠," 年底双薪 大数据 带薪年假 通讯津贴"
搜狗,北京搜狗科技发展有限公司,北京,2000人以上,搜狗AI云-Python开发工程师,本科,1-3年,全职,15k-25k,2018-02-07,4号线大兴线_北京大学东门;13号线_五道口;15号线_清华东路西口," 岗位晋升 扁平管理 管理规范 精英团队"
博派通达,北京博派通达科技有限公司,北京,50-150人,Python高级工程师,大专,3-5年,全职,15K-30K,2018-02-05,5号线_和平西桥;5号线_惠新西街南口;5号线_惠新西街北口;10号线_安贞门;10号线_惠新西街南口;10号线_芍药居;13号线_芍药居;13号线_光熙门," 年底双薪 股票期权 专项奖金 带薪年假"
艾唯博瑞,北京艾唯博瑞科技有限公司,北京,15-50人,python研发工程师,本科,3-5年,全职,15k-25k,2018-02-03,2号线_东直门;2号线_东四十条;2号线_朝阳门;5号线_张自忠路;5号线_北新桥;6号线_朝阳门;13号线_东直门;机场线_东直门," 技能培训 节日礼物 绩效奖金 岗位晋升"
混沌大学,混沌时代（北京）教育科技有限公司,北京,150-500人,python服务端开发工程师,本科,3-5年,全职,20k-35k,2018-02-02,4号线大兴线_人民大学;4号线大兴线_海淀黄庄;10号线_海淀黄庄;10号线_知春里;10号线_知春路;13号线_大钟寺;13号线_知春路," 弹性工作 扁平管理 领导好 五险一金"
ZingFront智线,智线云科技（北京）有限公司,北京,50-150人,Python中级工程师,本科,1-3年,全职,12k-24k,2018-02-12,10号线_农业展览馆;10号线_团结湖;14号线东段_枣营;14号线东段_朝阳公园," 绩效奖金 股票期权 带薪年假 弹性工作"
360企业安全,北京奇安信科技有限公司,北京,2000人以上,360企业安全-Python开发工程师,本科,3-5年,全职,15k-30k,2018-02-05,14号线东段_望京南;14号线东段_将台," 年底双薪 带薪年假 午餐补助 定期体检"
Face++,北京旷视科技有限公司,北京,500-2000人,python工程师,本科,3-5年,全职,15k-30k,2018-02-05,," 科技大牛公司 自助三餐 年终多薪 超长带薪假期"
Yi+,北京陌上花科技有限公司,北京,15-50人,Python开发工程师,本科,3-5年,全职,15k-30k,2018-02-11,4号线大兴线_人民大学;4号线大兴线_海淀黄庄;4号线大兴线_中关村;10号线_苏州街;10号线_海淀黄庄;10号线_知春里," 股票期权 岗位晋升 弹性工作 绩效奖金"
路书,路书（北京）科技有限公司,北京,50-150人,高级python研发工程师,本科,5-10年,全职,25k-40k,2018-02-09,1号线_大望路;1号线_四惠;6号线_金台路;14号线东段_金台路;14号线东段_大望路," 年度旅游 五险一金 弹性工作 股票期权"
Gridsum 国双,北京国双科技有限公司,北京,500-2000人,高级Python开发工程师（北京）,本科,3-5年,全职,15k-20k,2018-02-08,4号线大兴线_人民大学;4号线大兴线_海淀黄庄;10号线_海淀黄庄;10号线_知春里;10号线_知春路;13号线_知春路," 年度旅游 节日礼物 年底双薪 带薪年假"
途游,在线途游（北京）科技有限公司,北京,150-500人,python开发工程师,本科,3-5年,全职,15k-25k,2018-02-07,5号线_北苑路北;5号线_立水桥南," 股票期权 专项奖金 五险一金 带薪年假"
高域海汇,北京高域海汇科技有限公司,北京,50-150人,Python开发工程师,本科,1-3年,全职,15K-25K,2018-02-06,8号线_北土城;8号线_奥体中心;10号线_牡丹园;10号线_健德门;10号线_北土城," """""
一览科技,北京一览科技有限公司,北京,15-50人,python开发工程师,本科,3-5年,全职,20k-40k,2018-02-09,14号线东段_来广营;14号线东段_东湖渠," 股票期权 弹性工作 领导好 扁平管理"
ZingFront智线,智线云科技（北京）有限公司,北京,50-150人,Python 中级工程师,本科,1-3年,全职,13k-18k,2018-02-12,10号线_农业展览馆;10号线_团结湖;14号线东段_枣营;14号线东段_朝阳公园," 绩效奖金 股票期权 带薪年假 弹性工作"
数美,北京数美时代科技有限公司,北京,150-500人,python研发工程师,硕士,1年以下,全职,15k-30k,2018-02-11,14号线东段_来广营;14号线东段_东湖渠," 年底双薪 大数据 带薪年假 通讯津贴"
Veeva,维我软件（上海）有限公司北京分公司,北京,500-2000人,Python Engineer,本科,1-3年,全职,15k-20k,2018-02-09,10号线_三元桥;10号线_亮马桥;10号线_农业展览馆;14号线东段_枣营;机场线_三元桥," 行业领先 超长年假 年度旅游"
Gridsum 国双,北京国双科技有限公司,北京,500-2000人,高级python研发工程师（北京）,本科,3-5年,全职,15k-30k,2018-02-09,4号线大兴线_人民大学;4号线大兴线_海淀黄庄;10号线_海淀黄庄;10号线_知春里;10号线_知春路;13号线_知春路," 年度旅游 节日礼物 年底双薪 带薪年假"
博派通达,北京博派通达科技有限公司,北京,50-150人,Python工程师（模拟请求方向）,大专,1-3年,全职,10K-20K,2018-02-05,5号线_和平西桥;5号线_惠新西街南口;5号线_惠新西街北口;10号线_安贞门;10号线_惠新西街南口;10号线_芍药居;13号线_芍药居;13号线_光熙门," 年底双薪 股票期权 专项奖金 带薪年假"
融360,北京融联世纪信息技术有限公司,北京,500-2000人,python研发工程师,本科,3-5年,全职,15k-30k,2018-01-26,4号线大兴线_海淀黄庄;4号线大兴线_中关村;4号线大兴线_北京大学东门;10号线_苏州街;10号线_海淀黄庄;10号线_知春里," 股票期权 专项奖金 通讯津贴 带薪年假"
中科视拓,中科视拓（北京）科技有限公司,北京,50-150人,Python工程师,本科,5-10年,全职,25k-35k,2018-02-06,10号线_知春里;10号线_知春路;13号线_知春路;13号线_五道口," 交通补助 午餐补助 扁平管理 弹性工作"
360,奇虎360科技有限公司,北京,2000人以上,Python 开发工程师,本科,3-5年,全职,25k-35k,2018-02-13,14号线东段_望京南;14号线东段_将台,
人人行(借贷宝),人人行科技有限公司,北京,2000人以上,Python,本科,1-3年,全职,15k-25k,2018-02-07,," 年底双薪 节日礼物 绩效奖金 岗位晋升"
北京神黄科技股份有限公司,北京神黄科技有限公司,北京,50-150人,Python开发工程师,本科,1-3年,全职,15k-30k,2018-02-06,2号线_东直门;2号线_东四十条;2号线_朝阳门;5号线_张自忠路;5号线_北新桥;6号线_朝阳门;13号线_东直门;机场线_东直门," 年底双薪 带薪年假 交通补助 定期体检"
格上添富,北京格上添富科技发展有限公司,北京,150-500人,Python研发工程师,本科,3-5年,全职,13k-25k,2018-01-29,6号线_呼家楼;6号线_东大桥;10号线_农业展览馆;10号线_团结湖;10号线_呼家楼;10号线_金台夕照," 绩效奖金 带薪年假 午餐补助 定期体检"
钱方好近,北京钱方银通科技有限公司,北京,150-500人,Python开发,本科,3-5年,全职,20k-30k,2018-02-12,14号线东段_望京;14号线东段_阜通;14号线东段_望京南;15号线_望京东;15号线_望京," 节日礼物 带薪年假 绩效奖金 年度旅游"
江山如画网络科技,北京江山如画网路科技有限责任公司,北京,少于15人,python开发工程师,本科,1-3年,全职,8k-16k,2018-02-11,1号线_玉泉路;1号线_五棵松," 专项奖金 股票期权 绩效奖金 岗位晋升"
销售易,仁科互动（北京）信息科技有限公司,北京,150-500人,Python开发工程师,本科,3-5年,全职,20k-35k,2018-02-07,6号线_呼家楼;6号线_东大桥;10号线_团结湖;10号线_呼家楼;10号线_金台夕照," 技能培训 节日礼物 年底双薪 绩效奖金"
复华控股,北京复华卓越商业管理有限公司,北京,2000人以上,Python开发工程师,大专,5-10年,全职,15k-30k,2018-02-06,," 通讯津贴 午餐补助 美女多 领导好"
Veeva,维我软件（上海）有限公司北京分公司,北京,500-2000人,Python,本科,3-5年,全职,25k-35k,2018-02-09,10号线_三元桥;10号线_亮马桥;10号线_农业展览馆;14号线东段_枣营;机场线_三元桥," 行业领先 超长年假 年度旅游"
马蜂窝,北京蚂蜂窝网络科技有限公司,北京,500-2000人,高级Python开发工程师,本科,3-5年,全职,15k-30k,2018-02-08,," 弹性工作 扁平管理 氛围好 年度体检"
老虎证券,北京优虎商务服务有限公司,北京,150-500人,python开发工程师,本科,1-3年,全职,20k-40k,2018-02-07,10号线_三元桥;10号线_亮马桥;10号线_农业展览馆;机场线_三元桥," 绩效奖金 年底双薪 带薪年假 定期体检"
一亩田,北京一人一亩田网络科技有限公司,北京,150-500人,python开发工程师,本科,3-5年,全职,15k-25k,2018-02-06,10号线_知春路;10号线_西土城;13号线_大钟寺;13号线_知春路," 节日礼物 年底双薪 专项奖金 股票期权"
Quantex,宽拓（北京）科技有限公司,北京,50-150人,Python,本科,3-5年,全职,20k-40k,2018-02-11,2号线_车公庄;2号线_西直门;4号线大兴线_新街口;4号线大兴线_西直门;4号线大兴线_动物园;6号线_车公庄;6号线_车公庄西," 技能培训 节日礼物 带薪年假 年度旅游"
智融集团,北京智融时代科技有限公司,北京,150-500人,Python开发工程师,本科,3-5年,全职,20k-40k,2018-02-08,10号线_知春里;10号线_知春路;10号线_西土城;13号线_大钟寺;13号线_知春路," 股票期权 绩效奖金 五险一金 带薪年假"
LinkDoc,零氪信息技术（北京）有限公司,北京,150-500人,Python,本科,1年以下,全职,13k-20k,2018-02-11,4号线大兴线_海淀黄庄;4号线大兴线_中关村;4号线大兴线_北京大学东门;10号线_苏州街;10号线_海淀黄庄;10号线_知春里,
今日头条,北京字节跳动科技有限公司,北京,500-2000人,高级Python开发工程师,本科,3-5年,全职,25k-40k,1天前发布,," 扁平管理 弹性工作 大厨定制三餐 就近租房补贴"
小米,北京小米科技有限责任公司,北京,2000人以上,Python开发工程师-小米电视,本科,3-5年,全职,15k-25k,2018-02-06,13号线_上地," 快速成长 免费班车 扁平管理 技能培训"
360企业安全,北京奇安信科技有限公司,北京,2000人以上,python 开发工程师,不限,3-5年,全职,15k-30k,2018-02-12,14号线东段_望京南;14号线东段_将台," 年底双薪 带薪年假 午餐补助 定期体检"
摩尔妈妈,北京摩尔妈咪网络科技有限公司,北京,15-50人,Python开发工程师,本科,3-5年,全职,30k-50k,2018-01-26,14号线东段_东风北桥;14号线东段_枣营," 年底双薪 股票期权 定期体检 带薪年假"
便利蜂,便利蜂商贸有限公司,北京,2000人以上,python开发,本科,3-5年,全职,15k-30k,2018-02-12,14号线东段_望京南;14号线东段_将台," 弹性工作 美女多 帅哥多 领导好"
家园网,金色家园网络科技有限公司,北京,2000人以上,高级python工程师,本科,5-10年,全职,20k-30k,2018-02-08,," 节日礼物 带薪年假 绩效奖金 管理规范"
洋葱数学,光合新知（北京）科技有限公司,北京,150-500人,Python,不限,1-3年,全职,15k-30k,1天前发布,," 产品领先行业 关注学习本源 明星跨界团队 股票期权"
信达泰和,北京信达泰和数据技术有限公司,北京,500-2000人,Python开发工程师,硕士,1-3年,全职,15k-20k,2018-02-13,5号线_和平里北街;5号线_和平西桥;5号线_惠新西街南口;8号线_安华桥;10号线_安贞门;10号线_惠新西街南口," 节日礼物 股票期权 带薪年假 年度旅游"
Veeva,维我软件（上海）有限公司北京分公司,北京,500-2000人,高级Python开发工程师,本科,3-5年,全职,20k-30k,2018-02-09,10号线_三元桥;10号线_亮马桥;10号线_农业展览馆;14号线东段_枣营;机场线_三元桥," 行业领先 超长年假 年度旅游"
小米,北京小米科技有限责任公司,北京,2000人以上,Python开发-服务端,本科,3-5年,全职,25k-35k,2018-02-09,," 快速成长 免费班车 扁平管理 技能培训"
今日头条,北京字节跳动科技有限公司,北京,500-2000人,Python开发工程师,本科,1-3年,全职,20k-35k,1天前发布,," 扁平管理 弹性工作 大厨定制三餐 就近租房补贴"
摩尔妈妈,北京摩尔妈咪网络科技有限公司,北京,15-50人,Python工程师,本科,1-3年,全职,20k-40k,2018-01-25,14号线东段_东风北桥;14号线东段_枣营," 年底双薪 股票期权 定期体检 带薪年假"
联想集团,联想（北京）有限公司,北京,2000人以上,Python开发工程师,本科,5-10年,全职,20k-40k,2018-02-11,13号线_西二旗;昌平线_西二旗," 技能培训 待遇优厚 晋升空间 五险一金"
智融集团,北京智融时代科技有限公司,北京,150-500人,高级Python开发工程师,本科,3-5年,全职,20k-40k,2018-02-08,10号线_知春里;10号线_知春路;10号线_西土城;13号线_大钟寺;13号线_知春路," 股票期权 绩效奖金 五险一金 带薪年假"
妙计旅行,北京汇行科技有限公司,北京,150-500人,高级Python研发工程师,本科,1-3年,全职,15k-25k,2018-02-02,2号线_安定门;2号线_雍和宫;5号线_北新桥;5号线_雍和宫;5号线_和平里北街," 股票期权 十四薪 零食饮料水果 团队氛围好"
奇虎360金融,上海淇毓信息科技有限公司,北京,500-2000人,Python开发工程师,本科,3-5年,全职,20k-30k,2018-02-09,14号线东段_望京南;14号线东段_将台," 年底双薪 股票期权 带薪年假 定期体检"
iHandy,北京汉迪移动互联网科技股份有限公司,北京,150-500人,Python开发工程师,本科,1-3年,全职,15k-25k,2018-02-13,13号线_五道口;15号线_六道口;15号线_清华东路西口," """""
一起作业网,上海一起作业信息科技有限公司,北京,500-2000人,Python开发工程师,本科,1-3年,全职,15k-30k,2018-02-13,14号线东段_望京;15号线_望京东;15号线_望京," 节日礼物 岗位晋升 扁平管理 领导好"
开拓天际,北京开拓天际科技有限公司,北京,50-150人,Python工程师,本科,3-5年,全职,15k-23k,2018-02-12,10号线_知春路;10号线_西土城;10号线_牡丹园;13号线_大钟寺;13号线_知春路," 年底双薪 股票期权 年终分红 节日礼物"
学堂在线,北京慕华信息科技有限公司,北京,150-500人,Python工程师,本科,1-3年,全职,15k-25k,2018-02-09,4号线大兴线_北京大学东门;13号线_五道口;15号线_清华东路西口," 节日礼物 股票期权 带薪年假 氛围轻松"
掌控,北京掌控世代科技有限公司,北京,15-50人,Python研发中级工程师,本科,3-5年,全职,15k-30k,2018-02-09,13号线_西二旗;昌平线_西二旗," 股票期权 带薪年假 定期体检 年度旅游"
家园网,金色家园网络科技有限公司,北京,2000人以上,中级python工程师,本科,3-5年,全职,15k-25k,2018-02-08,," 节日礼物 带薪年假 绩效奖金 管理规范"
掌阅,掌阅科技股份有限公司,北京,500-2000人,Python研发工程师（中高级）,本科,3-5年,全职,15k-25k,2018-02-09,1号线_四惠东;八通线_四惠东;八通线_高碑店," 专项奖金 带薪年假 年度旅游 扁平管理"
Veeva,维我软件（上海）有限公司北京分公司,北京,500-2000人,资深Python开发工程师,本科,5-10年,全职,25k-35k,2018-02-09,10号线_三元桥;10号线_亮马桥;10号线_农业展览馆;14号线东段_枣营;机场线_三元桥," 行业领先 超长年假 年度旅游"
小米,北京小米科技有限责任公司,北京,2000人以上,Python开发工程师,本科,3-5年,全职,25k-35k,2018-02-09,," 快速成长 免费班车 扁平管理 技能培训"
博派通达,北京博派通达科技有限公司,北京,50-150人,Python,大专,1-3年,全职,10K-20K,2018-02-02,5号线_和平西桥;5号线_惠新西街南口;5号线_惠新西街北口;10号线_安贞门;10号线_惠新西街南口;10号线_芍药居;13号线_芍药居;13号线_光熙门," 年底双薪 股票期权 专项奖金 带薪年假"
汽车之家,北京车之家信息技术有限公司,北京,2000人以上,Python开发工程师,本科,3-5年,全职,15k-25k,2018-01-23,4号线大兴线_海淀黄庄;4号线大兴线_中关村;4号线大兴线_北京大学东门;10号线_苏州街;10号线_海淀黄庄;10号线_知春里," 技能培训 节日礼物 带薪年假 绩效奖金"
物灵,北京物灵智能科技有限公司,北京,150-500人,python研发工程师,本科,3-5年,全职,15k-30k,2018-02-12,15号线_望京东," 带薪年假 定期体检 年终分红 餐补"
码隆科技,深圳码隆科技有限公司,北京,50-150人,高级Python工程师,不限,3-5年,全职,25k-40k,2018-02-11,4号线大兴线_海淀黄庄;4号线大兴线_中关村;4号线大兴线_北京大学东门;10号线_苏州街;10号线_海淀黄庄," 技术大牛集聚 扁平管理 五险一金 领导好"
Yi+,北京陌上花科技有限公司,北京,15-50人,高级Python开发工程师,本科,3-5年,全职,20k-40k,2018-02-11,4号线大兴线_人民大学;4号线大兴线_海淀黄庄;4号线大兴线_中关村;10号线_苏州街;10号线_海淀黄庄;10号线_知春里," 股票期权 岗位晋升 弹性工作 绩效奖金"
摩尔妈妈,北京摩尔妈咪网络科技有限公司,北京,15-50人,高级Python工程师,本科,3-5年,全职,25k-50k,2018-02-09,14号线东段_东风北桥;14号线东段_枣营," 年底双薪 股票期权 定期体检 带薪年假"
店商互联,店商互联（北京）科技发展有限公司,北京,500-2000人,Python高级开发工程师,本科,3-5年,全职,15k-25k,2018-01-31,4号线大兴线_人民大学;4号线大兴线_海淀黄庄;4号线大兴线_中关村;10号线_苏州街;10号线_海淀黄庄;10号线_知春里," 技能培训 年底双薪 节日礼物 绩效奖金"
凤凰网,凤凰飞扬（北京）新媒体信息技术有限公司,北京,2000人以上,Python工程师-北京-01084,本科,3-5年,全职,15k-25k,2018-01-30,15号线_望京东," 免费班车 八险一金 各色型男 过节大礼包"
钱方好近,北京钱方银通科技有限公司,北京,150-500人,Python开发工程师,本科,3-5年,全职,25k-30k,2018-02-12,14号线东段_望京;14号线东段_阜通;14号线东段_望京南;15号线_望京东;15号线_望京," 节日礼物 带薪年假 绩效奖金 年度旅游"
朗播网,北京博智天下信息技术有限公司,北京,150-500人,Python开发工程师,本科,1-3年,全职,20k-40k,2018-02-12,13号线_上地," 扁平管理 定期体检 股票期权 团建活动"
柔持英语,柔持（北京）科技有限公司,北京,150-500人,Python后端开发工程师,本科,1-3年,全职,20k-30k,2018-02-11,14号线东段_阜通;14号线东段_望京南," 交通补助 午餐补助 绩效奖金"
新东方教育行业研究院,北京点石经纬科技有限公司,北京,150-500人,Python工程师,本科,3-5年,全职,15k-25k,2018-02-08,4号线大兴线_海淀黄庄;4号线大兴线_中关村;4号线大兴线_北京大学东门;10号线_苏州街;10号线_海淀黄庄," 五险一金 带薪年假 节日礼物 年度旅游"
Face++,北京旷视科技有限公司,北京,500-2000人,Python 高级开发工程师,本科,3-5年,全职,20k-40k,2018-02-05,," 科技大牛公司 自助三餐 年终多薪 超长带薪假期"
Veeva,维我软件（上海）有限公司北京分公司,北京,500-2000人,Python软件开发工程师,本科,3-5年,全职,15k-25k,2018-02-09,10号线_三元桥;10号线_亮马桥;10号线_农业展览馆;14号线东段_枣营;机场线_三元桥," 行业领先 超长年假 年度旅游"
小米,北京小米科技有限责任公司,北京,2000人以上,Python工程师（锁屏画报）,本科,3-5年,全职,20k-35k,2018-02-08,13号线_上地," 快速成长 免费班车 扁平管理 技能培训"
码隆科技,深圳码隆科技有限公司,北京,50-150人,Python开发工程师（北京）,不限,3-5年,全职,15k-25k,2018-02-11,4号线大兴线_海淀黄庄;4号线大兴线_中关村;4号线大兴线_北京大学东门;10号线_苏州街;10号线_海淀黄庄," 技术大牛集聚 扁平管理 五险一金 领导好"
LBE 科技,永杨安风（北京）科技有限公司,北京,50-150人,资深Python工程师,本科,3-5年,全职,35k-45k,2018-01-31,1号线_四惠东;八通线_四惠东;八通线_高碑店," 绩效奖金 专项奖金 带薪年假 节日礼物"
东方国信,北京东方国信科技股份有限公司,北京,2000人以上,Python开发工程师,本科,5-10年,全职,18k-25k,2018-01-26,14号线东段_来广营;14号线东段_东湖渠," 大数据软件 技能培训 节日礼物 年底双薪"
微车,北京步鼎方舟科技有限公司,北京,150-500人,Python高级开发工程师,本科,3-5年,全职,20k-30k,2018-02-14,10号线_苏州街;10号线_长春桥;10号线_火器营,
CastBox,克鲁（北京）网络科技有限公司,北京,15-50人,Python后端开发工程师,本科,3-5年,全职,20k-40k,2018-02-13,14号线东段_望京;14号线东段_阜通;14号线东段_望京南;15号线_望京," 股票期权 弹性工作 六险一金 免费按摩"
美洽,成都美洽网络科技有限公司,北京,50-150人,python,本科,3-5年,全职,18k-30k,2018-02-07,13号线_西二旗;13号线_龙泽;昌平线_西二旗," 不加班 全员期权 专项奖金 五险一金"
掌阅,掌阅科技股份有限公司,北京,500-2000人,Python研发工程师,本科,1-3年,全职,18k-25k,2018-01-30,1号线_四惠东;八通线_四惠东;八通线_高碑店," 专项奖金 带薪年假 年度旅游 扁平管理"
新浪网,新浪网技术（中国）有限公司,北京,2000人以上,Python开发工程师,本科,1-3年,全职,13k-26k,2018-02-09,16号线_马连洼," 免费班车 岗位晋升 五险一金 定期体检"
西贝,内蒙古西贝餐饮连锁有限责任公司,北京,2000人以上,Python高级开发工程师,大专,3-5年,全职,12K-16K,2018-01-25,,
果壳网,北京果壳互动信息技术有限公司,北京,150-500人,高级Python开发工程师,本科,3-5年,全职,20k-40k,2018-02-12,1号线_国贸;1号线_大望路;7号线_九龙山;10号线_国贸;14号线东段_大望路;14号线东段_九龙山," 技能培训 年度旅游 岗位晋升 家庭式三餐"
第三石科技,北京第三石科技发展有限公司,北京,50-150人,Python高级开发工程师,本科,3-5年,全职,18k-36k,2018-02-12,14号线东段_望京;14号线东段_阜通;14号线东段_望京南;15号线_望京东;15号线_望京," 股票期权 交通补助 带薪年假 扁平管理"
会分期,会找房（北京）网络技术有限公司,北京,150-500人,python开发工程师,本科,3-5年,全职,15k-30k,2018-02-11,13号线_西二旗;昌平线_西二旗," 节日礼物 股票期权 带薪年假 年度旅游"
聚力维度,北京聚力维度科技有限公司,北京,50-150人,python后端开发工程师,本科,3-5年,全职,15k-25k,2018-02-09,4号线大兴线_北京大学东门;13号线_五道口;15号线_清华东路西口,
Veeva,维我软件（上海）有限公司北京分公司,北京,500-2000人,高级Python开发工程师,本科,5-10年,全职,25k-35k,2018-02-09,10号线_三元桥;10号线_亮马桥;10号线_农业展览馆;14号线东段_枣营;机场线_三元桥," 行业领先 超长年假 年度旅游"
小米,北京小米科技有限责任公司,北京,2000人以上,Python开发工程师,本科,3-5年,全职,20k-30k,2018-02-09,," 快速成长 免费班车 扁平管理 技能培训"
掌阅,掌阅科技股份有限公司,北京,500-2000人,高级Python研发工程师,本科,3-5年,全职,25k-35k,2018-02-09,1号线_四惠东;八通线_四惠东;八通线_高碑店," 专项奖金 带薪年假 年度旅游 扁平管理"
北京中铁信,北京中铁信科技有限公司,北京,50-150人,Python中级研发工程师,本科,3-5年,全职,14k-23k,2018-01-31,," 带薪年假 绩效奖金 年度旅游 定期体检"
好巧,北京好巧国际旅行社有限公司,北京,150-500人,Linux C++/Python中高级研发工程师,本科,3-5年,全职,25k-35k,2018-02-13,5号线_和平西桥;5号线_惠新西街南口;8号线_安华桥;8号线_北土城;10号线_北土城;10号线_安贞门;10号线_惠新西街南口," 五险一金 弹性工作 扁平管理 百万医疗"
秒针系统,北京秒针信息咨询有限公司,北京,150-500人,Python开发工程师,本科,1-3年,全职,15k-30k,2018-02-12,14号线东段_望京;14号线东段_阜通;14号线东段_望京南;15号线_望京东;15号线_望京," 节日礼物 技能培训 年底双薪 技术精英众多"
TalkingData,北京腾云天下科技有限公司,北京,500-2000人,Python工程师,本科,3-5年,全职,20k-30k,2018-02-01,2号线_东直门;13号线_柳芳;13号线_东直门;机场线_东直门," 精英团队 扁平管理 海量数据 弹性工作"
第三石科技,北京第三石科技发展有限公司,北京,50-150人,Python开发工程师,本科,3-5年,全职,15k-30k,2018-02-12,14号线东段_望京;14号线东段_阜通;14号线东段_望京南;15号线_望京东;15号线_望京," 股票期权 交通补助 带薪年假 扁平管理"
乐信圣文,北京乐信圣文科技有限责任公司,北京,15-50人,高级Python开发工程师,本科,3-5年,全职,20k-40k,2018-02-11,8号线_永泰庄;8号线_西小口," 交通补助 午餐补助 项目奖金 季度奖金"
闪银奇异,北京闪银奇异科技有限公司,北京,500-2000人,中高级Python开发,本科,3-5年,全职,15k-30k,2018-02-11,," 13~15薪 晋升空间大 定期体检 能力定薪"
博派通达,北京博派通达科技有限公司,北京,50-150人,Python（模拟请求）,大专,1-3年,全职,10K-20K,2018-02-02,5号线_和平西桥;5号线_惠新西街南口;5号线_惠新西街北口;10号线_安贞门;10号线_惠新西街南口;10号线_芍药居;13号线_芍药居;13号线_光熙门," 年底双薪 股票期权 专项奖金 带薪年假"
多牛传媒,北京多牛互动传媒股份有限公司,北京,150-500人,Python开发工程师,本科,1-3年,全职,10k-15k,2018-01-31,," 五险一金 节日礼物 弹性工作 岗位晋升"
去哪儿网,北京趣拿软件科技有限公司,北京,2000人以上,Python高级研发工程师-度假事业部(J11528),本科,3-5年,全职,20k-40k,2018-02-13,4号线大兴线_人民大学;4号线大兴线_海淀黄庄;4号线大兴线_中关村;10号线_苏州街;10号线_海淀黄庄;10号线_知春里," 技能培训 节日礼物 带薪年假 无息住房贷款"
NewsJet,北京智分科技有限公司,北京,50-150人,高级Python开发工程师,本科,3-5年,全职,25k-45k,2018-02-12,10号线_知春路;10号线_西土城;13号线_大钟寺;13号线_知春路," 年底双薪 免费两餐 Geek范 免费健身"
联想集团,联想（北京）有限公司,北京,2000人以上,python开发高级工程师,本科,3-5年,全职,18k-35k,2018-02-11,13号线_西二旗;昌平线_西二旗," 技能培训 待遇优厚 晋升空间 五险一金"
Veeva,维我软件（上海）有限公司北京分公司,北京,500-2000人,Software Engineer -Python,本科,3-5年,全职,25k-35k,2018-02-09,10号线_三元桥;10号线_亮马桥;10号线_农业展览馆;14号线东段_枣营;机场线_三元桥," 行业领先 超长年假 年度旅游"
小米,北京小米科技有限责任公司,北京,2000人以上,后台开发-Python,本科,3-5年,全职,25k-35k,2018-02-09,," 快速成长 免费班车 扁平管理 技能培训"
好巧,北京好巧国际旅行社有限公司,北京,150-500人,python高级工程师,本科,5-10年,全职,25k-35k,2018-02-13,5号线_和平西桥;5号线_惠新西街南口;8号线_安华桥;8号线_北土城;10号线_北土城;10号线_安贞门;10号线_惠新西街南口," 五险一金 弹性工作 扁平管理 百万医疗"
闪银奇异,北京闪银奇异科技有限公司,北京,500-2000人,Python 数据开发工程师,本科,3-5年,全职,20k-40k,2018-02-08,6号线_呼家楼;10号线_农业展览馆;10号线_团结湖;10号线_呼家楼;14号线东段_枣营;14号线东段_朝阳公园," 13~15薪 晋升空间大 定期体检 能力定薪"
人人行(借贷宝),人人行科技有限公司,北京,2000人以上,高级Python,本科,3-5年,全职,25k-35k,2018-02-07,," 年底双薪 节日礼物 绩效奖金 岗位晋升"
美团点评,北京三快在线科技有限公司,北京,2000人以上,python工程师,本科,3-5年,全职,20k-40k,2018-02-06,15号线_望京东," 技能培训 绩效奖金 岗位晋升 领导好"
新东方教育行业研究院,北京点石经纬科技有限公司,北京,150-500人,高级Python工程师,本科,5-10年,全职,20k-30k,2018-02-05,4号线大兴线_海淀黄庄;4号线大兴线_中关村;4号线大兴线_北京大学东门;10号线_苏州街;10号线_海淀黄庄;10号线_知春里," 五险一金 带薪年假 节日礼物 年度旅游"
大鱼自助游,北京鱼行天下网络科技有限公司,北京,50-150人,Python开发工程师,本科,1-3年,全职,20k-40k,2018-02-02,10号线_亮马桥;14号线东段_东风北桥;14号线东段_枣营," 五险一金 专项奖金 半年调薪 团建旅游"
星尘数据,北京星尘纪元智能科技有限公司,北京,少于15人,高级Python工程师,本科,3-5年,全职,20k-35k,2018-01-31,10号线_亮马桥;10号线_农业展览馆;10号线_团结湖,
学堂在线,北京慕华信息科技有限公司,北京,150-500人,系统开发工程师（Python）,本科,5-10年,全职,20k-30k,2018-02-12,4号线大兴线_北京大学东门;13号线_五道口;15号线_清华东路西口," 节日礼物 股票期权 带薪年假 氛围轻松"
游族网络,上海游族信息技术有限公司,北京,500-2000人,Python开发工程师-base北京,不限,3-5年,全职,12k-18k,2018-02-08,," 五险一金 岗位晋升 弹性工作 扁平管理"
真格基金,北京真格天成投资管理有限公司,北京,50-150人,python工程师-真格基金投资企业-互影科技,本科,1-3年,全职,15k-25k,2018-02-07,14号线东段_望京南;14号线东段_将台,
马上金融,马上消费金融股份有限公司,北京,2000人以上,Python开发工程师,大专,3-5年,全职,20k-30k,2018-02-05,1号线_国贸;1号线_大望路;6号线_金台路;10号线_金台夕照;10号线_国贸;14号线东段_金台路;14号线东段_大望路," 股票期权 年终分红 绩效奖金 带薪年假"
博派通达,北京博派通达科技有限公司,北京,50-150人,Python资深工程师,大专,5-10年,全职,20K-40K,2018-02-05,5号线_和平西桥;5号线_惠新西街南口;5号线_惠新西街北口;10号线_安贞门;10号线_惠新西街南口;10号线_芍药居;13号线_芍药居;13号线_光熙门," 年底双薪 股票期权 专项奖金 带薪年假"
博云,苏州博纳讯动软件有限公司,北京,150-500人,python开发工程师,本科,1-3年,全职,10k-20k,2018-02-01,10号线_牡丹园;10号线_健德门," 凝聚力强 客户群广 发展迅速 团队年轻"
Veeva,维我软件（上海）有限公司北京分公司,北京,500-2000人,高级工程师-Python,本科,5-10年,全职,25k-35k,2018-02-09,10号线_三元桥;10号线_亮马桥;10号线_农业展览馆;14号线东段_枣营;机场线_三元桥," 行业领先 超长年假 年度旅游"
小米,北京小米科技有限责任公司,北京,2000人以上,Python/Go开发工程师-小米视频,本科,3-5年,全职,20k-35k,2018-02-08,13号线_上地," 快速成长 免费班车 扁平管理 技能培训"
大鱼自助游,北京鱼行天下网络科技有限公司,北京,50-150人,Python工程师,本科,1-3年,全职,15k-30k,2018-02-02,10号线_亮马桥;14号线东段_东风北桥;14号线东段_枣营," 五险一金 专项奖金 半年调薪 团建旅游"
北京中铁信,北京中铁信科技有限公司,北京,50-150人,Python 中级研发工程师,本科,3-5年,全职,15k-30k,2018-01-31,," 带薪年假 绩效奖金 年度旅游 定期体检"
况客科技,况客科技(北京)有限公司,北京,15-50人,Python 工程师,本科,1-3年,全职,15k-30k,2018-01-25,2号线_东四十条;2号线_朝阳门;6号线_东大桥;6号线_朝阳门," 定期体检 午餐补助 带薪年假 绩效奖金"
宜信,普信恒业科技发展（北京）有限公司,北京,2000人以上,Python研发工程师,本科,5-10年,全职,25k-40k,2018-02-13,1号线_国贸;1号线_大望路;6号线_金台路;10号线_金台夕照;10号线_国贸;14号线东段_金台路;14号线东段_大望路," 管理规范 技能培训 扁平管理 弹性工作"
ZingFront智线,智线云科技（北京）有限公司,北京,50-150人,高级Java/PHP/Python工程师,本科,3-5年,全职,12k-24k,2018-02-12,10号线_农业展览馆;10号线_团结湖;14号线东段_枣营;14号线东段_朝阳公园," 绩效奖金 股票期权 带薪年假 弹性工作"
Yi+,北京陌上花科技有限公司,北京,15-50人,Python/Golang开发工程师,本科,1-3年,全职,20k-40k,2018-02-11,4号线大兴线_人民大学;4号线大兴线_海淀黄庄;4号线大兴线_中关村;10号线_苏州街;10号线_海淀黄庄;10号线_知春里," 股票期权 岗位晋升 弹性工作 绩效奖金"
数美,北京数美时代科技有限公司,北京,150-500人,python研发工程师,硕士,1年以下,全职,15k-30k,2018-02-11,14号线东段_来广营;14号线东段_东湖渠," 年底双薪 大数据 带薪年假 通讯津贴"
会分期,会找房（北京）网络技术有限公司,北京,150-500人,高级python开发工程师,本科,3-5年,全职,15k-30k,2018-02-11,13号线_西二旗;昌平线_西二旗," 节日礼物 股票期权 带薪年假 年度旅游"
黑牛保,无锡信成网络科技有限公司,北京,15-50人,python开发工程师,本科,3-5年,全职,13k-20k,2018-02-07,亦庄线_万源街;亦庄线_荣京东街;亦庄线_荣昌东街," 扁平管理 弹性工作 绩效奖金 通讯津贴"
格上添富,北京格上添富科技发展有限公司,北京,150-500人,高级Python研发工程师,本科,5-10年,全职,20k-35k,2018-01-29,6号线_呼家楼;6号线_东大桥;10号线_农业展览馆;10号线_团结湖;10号线_呼家楼;10号线_金台夕照," 绩效奖金 带薪年假 午餐补助 定期体检"
微创,上海微创软件股份有限公司北京分公司,北京,2000人以上,高级Python工程师-赴MMAIS,本科,3-5年,全职,10k-15k,2018-02-11,4号线大兴线_海淀黄庄;4号线大兴线_中关村;10号线_苏州街;10号线_海淀黄庄," 年底双薪 节日礼物 技能培训 免费班车"
她理财,北京新工场投资顾问有限公司,北京,50-150人,高级python开发工程师,本科,1-3年,全职,15k-30k,2018-02-09,1号线_国贸;1号线_大望路;7号线_九龙山;10号线_国贸;14号线东段_大望路;14号线东段_九龙山," 年底双薪 节日礼物 技能培训 绩效奖金"
家园网,金色家园网络科技有限公司,北京,2000人以上,Python工程师,本科,3-5年,全职,18k-30k,2018-02-08,7号线_广渠门外;7号线_广渠门内;10号线_双井;10号线_劲松," 节日礼物 带薪年假 绩效奖金 管理规范"
Veeva,维我软件（上海）有限公司北京分公司,北京,500-2000人,高级软件工程师 （Python）,本科,3-5年,全职,25k-35k,2018-02-09,10号线_三元桥;10号线_亮马桥;10号线_农业展览馆;14号线东段_枣营;机场线_三元桥," 行业领先 超长年假 年度旅游"
云蜂科技,云蜂科技有限公司,北京,50-150人,Python工程师,本科,3-5年,全职,15k-25k,2018-01-25,10号线_西土城;10号线_牡丹园;10号线_健德门," 绩效奖金 带薪年假 定期体检 年度旅游"
车势科技,北京车势科技有限公司,北京,15-50人,python开发工程师,本科,3-5年,全职,15k-25k,1天前发布,1号线_永安里;1号线_国贸;6号线_呼家楼;6号线_东大桥;10号线_呼家楼;10号线_金台夕照;10号线_国贸," 年底双薪 专项奖金 股票期权 绩效奖金"
好巧,北京好巧国际旅行社有限公司,北京,150-500人,Linux C++/Python高级研发工程师,本科,1-3年,全职,15k-20k,2018-02-13,5号线_和平西桥;5号线_惠新西街南口;8号线_安华桥;8号线_北土城;10号线_北土城;10号线_安贞门;10号线_惠新西街南口," 五险一金 弹性工作 扁平管理 百万医疗"
微创,上海微创软件股份有限公司北京分公司,北京,2000人以上,高级Python工程师,本科,3-5年,全职,10k-15k,2018-02-11,4号线大兴线_海淀黄庄;4号线大兴线_中关村;10号线_苏州街;10号线_海淀黄庄," 年底双薪 节日礼物 技能培训 免费班车"
联想集团,联想（北京）有限公司,北京,2000人以上,python开发工程师,本科,3-5年,全职,13k-20k,2018-02-09,13号线_上地;13号线_西二旗;昌平线_西二旗," 技能培训 待遇优厚 晋升空间 五险一金"
思源科技,北京思源置地投资有限公司,北京,2000人以上,python,本科,5-10年,全职,20k-30k,2018-02-09,13号线_望京西;14号线东段_望京;14号线东段_阜通;15号线_望京;15号线_望京西," 股票期权 带薪年假 绩效奖金 岗位晋升"
爱特曼科技,北京爱特曼科技有限公司,北京,15-50人,高级Python工程师,本科,3-5年,全职,20k-40k,2018-02-08,15号线_六道口;15号线_清华东路西口," 年底双薪 定期体检 股票期权 带薪年假"
千锋教育,北京千锋互联科技有限公司,北京,500-2000人,python技术总监,大专,3-5年,全职,25k-50k,2018-02-08,8号线_永泰庄," 节日礼物 专项奖金 股票期权 带薪年假"
妙计旅行,北京汇行科技有限公司,北京,150-500人,Python工程师,本科,1-3年,全职,8k-16k,2018-02-02,2号线_安定门;2号线_雍和宫;5号线_北新桥;5号线_雍和宫;5号线_和平里北街," 股票期权 十四薪 零食饮料水果 团队氛围好"
The ONE,小叶子（北京）科技有限公司,北京,150-500人,python,本科,3-5年,全职,20k-30k,2018-02-11,14号线东段_来广营;14号线东段_东湖渠," 优秀团队 篮球羽毛球队 13薪 技术大牛多"
搜狐集团,北京搜狐新媒体信息技术有限公司,北京,2000人以上,搜狐媒体-社交产品中心-Python工程师,本科,1-3年,全职,20k-30k,2018-02-07,4号线大兴线_海淀黄庄;4号线大兴线_中关村;4号线大兴线_北京大学东门;10号线_海淀黄庄;10号线_知春里;10号线_知春路;13号线_知春路;13号线_五道口," 节日礼物 项目奖金 弹性工作时间 15天年假"
Face++,北京旷视科技有限公司,北京,500-2000人,Python工程师,本科,1-3年,全职,20k-40k,2018-02-05,," 科技大牛公司 自助三餐 年终多薪 超长带薪假期"
TalkingData,北京腾云天下科技有限公司,北京,500-2000人,Python工程师J10008,本科,不限,全职,20k-30k,2018-02-01,2号线_东直门;13号线_柳芳;13号线_东直门;机场线_东直门," 精英团队 扁平管理 海量数据 弹性工作"
Forgame,广州菲动软件科技有限公司,北京,150-500人,python后台研发工程师,本科,5-10年,全职,20k-30k,2018-02-01,," 五险一金 商业保险 绩效奖金 午餐补助"
Veeva,维我软件（上海）有限公司北京分公司,北京,500-2000人,软件工程师 - Python,本科,3-5年,全职,15k-25k,2018-02-09,10号线_三元桥;10号线_亮马桥;10号线_农业展览馆;14号线东段_枣营;机场线_三元桥," 行业领先 超长年假 年度旅游"
联想集团,联想（北京）有限公司,北京,2000人以上,Python开发工程师,本科,3-5年,全职,17k-18k,2018-02-09,13号线_上地;13号线_西二旗;昌平线_西二旗," 技能培训 待遇优厚 晋升空间 五险一金"
春雨移动健康,北京春雨天下软件有限公司,北京,150-500人,Python,本科,3-5年,全职,20k-40k,2018-02-11,15号线_六道口;15号线_清华东路西口," 绩效奖金 五险一金 带薪年假 定期体检"
天津函数科技有限公司,天津函数科技有限公司,北京,少于15人,Python系统开发工程师,本科,3-5年,全职,15k-20k,2018-01-24,4号线大兴线_海淀黄庄;4号线大兴线_中关村;10号线_海淀黄庄;10号线_知春里;10号线_知春路;13号线_知春路;13号线_五道口," 年底双薪 绩效奖金 定期体检 弹性工作"
多点Dmall,多点生活（中国）网络科技有限公司,北京,500-2000人,（北京）Python开发工程师,本科,3-5年,全职,15k-30k,2018-02-08,13号线_五道口;15号线_六道口;15号线_清华东路西口," 技能培训 年底双薪 节日礼物 绩效奖金"
360企业安全,北京奇安信科技有限公司,北京,2000人以上,360企业安全-Python高级开发工程师,本科,3-5年,全职,15k-30k,2018-02-05,14号线东段_望京南;14号线东段_将台," 年底双薪 带薪年假 午餐补助 定期体检"
Gridsum 国双,北京国双科技有限公司,北京,500-2000人,资深Python开发工程师（北京）,本科,3-5年,全职,20k-30k,2018-02-08,4号线大兴线_人民大学;4号线大兴线_海淀黄庄;10号线_海淀黄庄;10号线_知春里;10号线_知春路;13号线_知春路," 年度旅游 节日礼物 年底双薪 带薪年假"
爱奇艺,北京爱奇艺科技有限公司,北京,2000人以上,Python开发工程师,硕士,1-3年,全职,18k-28k,2018-02-07,4号线大兴线_海淀黄庄;4号线大兴线_中关村;4号线大兴线_北京大学东门;10号线_苏州街;10号线_海淀黄庄," 绩效奖金 五险一金 交通补助 带薪年假"
老虎证券,北京优虎商务服务有限公司,北京,150-500人,Python开发工程师,本科,1-3年,全职,20k-35k,2018-02-06,10号线_三元桥;10号线_亮马桥;10号线_农业展览馆;机场线_三元桥," 绩效奖金 年底双薪 带薪年假 定期体检"
慧影医疗,慧影医疗科技（北京）有限公司,北京,50-150人,Python开发工程师,本科,3-5年,全职,20K-40K,2018-02-06,8号线_永泰庄;8号线_西小口," 技能培训 股票期权 岗位晋升 弹性工作"
猎豹移动,北京金山网络科技有限公司,北京,500-2000人,Python开发工程师,本科,3-5年,全职,15k-30k,2018-01-25,," 带薪年假 美女前台 超赞年终奖 一公里工作圈"
学堂在线,北京慕华信息科技有限公司,北京,150-500人,Python开发工程师,本科,3-5年,全职,20k-30k,2018-02-12,4号线大兴线_北京大学东门;13号线_五道口;15号线_清华东路西口," 节日礼物 股票期权 带薪年假 氛围轻松"
优识云创,优识云创（北京）科技有限公司,北京,50-150人,Python开发工程师,本科,3-5年,全职,15k-25k,2018-02-09,4号线大兴线_海淀黄庄;4号线大兴线_中关村;10号线_苏州街;10号线_海淀黄庄," 绩效奖金 股票期权 五险一金 带薪年假"
艾唯博瑞,北京艾唯博瑞科技有限公司,北京,15-50人,python研发工程师,本科,3-5年,全职,15k-25k,2018-02-03,2号线_东直门;2号线_东四十条;2号线_朝阳门;5号线_张自忠路;5号线_北新桥;6号线_朝阳门;13号线_东直门;机场线_东直门," 技能培训 节日礼物 绩效奖金 岗位晋升"
云途腾,北京云途腾科技有限责任公司,北京,50-150人,高级python研发工程师,本科,5-10年,全职,20k-40k,2018-01-25,6号线_慈寿寺;6号线_海淀五路居;10号线_慈寿寺," 节日礼物 技能培训 绩效奖金 年度旅游"
Veeva,维我软件（上海）有限公司北京分公司,北京,500-2000人,Python工程师,本科,1-3年,全职,15k-20k,2018-02-09,10号线_三元桥;10号线_亮马桥;10号线_农业展览馆;14号线东段_枣营;机场线_三元桥," 行业领先 超长年假 年度旅游"
数美,北京数美时代科技有限公司,北京,150-500人,python研发工程师,本科,1-3年,全职,15k-30k,2018-02-11,14号线东段_来广营;14号线东段_东湖渠," 年底双薪 大数据 带薪年假 通讯津贴"
搜狗,北京搜狗科技发展有限公司,北京,2000人以上,搜狗AI云-Python开发工程师,本科,1-3年,全职,15k-25k,2018-02-07,4号线大兴线_北京大学东门;13号线_五道口;15号线_清华东路西口," 岗位晋升 扁平管理 管理规范 精英团队"
博派通达,北京博派通达科技有限公司,北京,50-150人,Python高级工程师,大专,3-5年,全职,15K-30K,2018-02-05,5号线_和平西桥;5号线_惠新西街南口;5号线_惠新西街北口;10号线_安贞门;10号线_惠新西街南口;10号线_芍药居;13号线_芍药居;13号线_光熙门," 年底双薪 股票期权 专项奖金 带薪年假"
混沌大学,混沌时代（北京）教育科技有限公司,北京,150-500人,python服务端开发工程师,本科,3-5年,全职,20k-35k,2018-02-02,4号线大兴线_人民大学;4号线大兴线_海淀黄庄;10号线_海淀黄庄;10号线_知春里;10号线_知春路;13号线_大钟寺;13号线_知春路," 弹性工作 扁平管理 领导好 五险一金"
ZingFront智线,智线云科技（北京）有限公司,北京,50-150人,Python中级工程师,本科,1-3年,全职,12k-24k,2018-02-12,10号线_农业展览馆;10号线_团结湖;14号线东段_枣营;14号线东段_朝阳公园," 绩效奖金 股票期权 带薪年假 弹性工作"
Gridsum 国双,北京国双科技有限公司,北京,500-2000人,高级Python开发工程师（北京）,本科,3-5年,全职,15k-20k,2018-02-08,4号线大兴线_人民大学;4号线大兴线_海淀黄庄;10号线_海淀黄庄;10号线_知春里;10号线_知春路;13号线_知春路," 年度旅游 节日礼物 年底双薪 带薪年假"
途游,在线途游（北京）科技有限公司,北京,150-500人,python开发工程师,本科,3-5年,全职,15k-25k,2018-02-07,5号线_北苑路北;5号线_立水桥南," 股票期权 专项奖金 五险一金 带薪年假"
360企业安全,北京奇安信科技有限公司,北京,2000人以上,360企业安全-Python开发工程师,本科,3-5年,全职,15k-30k,2018-02-05,14号线东段_望京南;14号线东段_将台," 年底双薪 带薪年假 午餐补助 定期体检"
Face++,北京旷视科技有限公司,北京,500-2000人,python工程师,本科,3-5年,全职,15k-30k,2018-02-05,," 科技大牛公司 自助三餐 年终多薪 超长带薪假期"
Yi+,北京陌上花科技有限公司,北京,15-50人,Python开发工程师,本科,3-5年,全职,15k-30k,2018-02-11,4号线大兴线_人民大学;4号线大兴线_海淀黄庄;4号线大兴线_中关村;10号线_苏州街;10号线_海淀黄庄;10号线_知春里," 股票期权 岗位晋升 弹性工作 绩效奖金"
路书,路书（北京）科技有限公司,北京,50-150人,高级python研发工程师,本科,5-10年,全职,25k-40k,2018-02-09,1号线_大望路;1号线_四惠;6号线_金台路;14号线东段_金台路;14号线东段_大望路," 年度旅游 五险一金 弹性工作 股票期权"
高域海汇,北京高域海汇科技有限公司,北京,50-150人,Python开发工程师,本科,1-3年,全职,15K-25K,2018-02-06,8号线_北土城;8号线_奥体中心;10号线_牡丹园;10号线_健德门;10号线_北土城," """""
天广汇通,北京天广汇通科技有限公司,北京,50-150人,python开发工程师,本科,3-5年,全职,15k-25k,2018-02-05,6号线_慈寿寺;10号线_慈寿寺;10号线_车道沟," 股票期权 午餐补助 通讯津贴 绩效奖金"
一览科技,北京一览科技有限公司,北京,15-50人,python开发工程师,本科,3-5年,全职,20k-40k,2018-02-09,14号线东段_来广营;14号线东段_东湖渠," 股票期权 弹性工作 领导好 扁平管理"
360企业安全,北京奇安信科技有限公司,北京,2000人以上,360企业安全-Python开发工程师,本科,3-5年,全职,15k-30k,2018-02-05,14号线东段_望京南;14号线东段_将台," 年底双薪 带薪年假 午餐补助 定期体检"
Face++,北京旷视科技有限公司,北京,500-2000人,python工程师,本科,3-5年,全职,15k-30k,2018-02-05,," 科技大牛公司 自助三餐 年终多薪 超长带薪假期"
Yi+,北京陌上花科技有限公司,北京,15-50人,Python开发工程师,本科,3-5年,全职,15k-30k,2018-02-11,4号线大兴线_人民大学;4号线大兴线_海淀黄庄;4号线大兴线_中关村;10号线_苏州街;10号线_海淀黄庄;10号线_知春里," 股票期权 岗位晋升 弹性工作 绩效奖金"
数美,北京数美时代科技有限公司,北京,150-500人,python研发工程师,硕士,1年以下,全职,15k-30k,2018-02-11,14号线东段_来广营;14号线东段_东湖渠," 年底双薪 大数据 带薪年假 通讯津贴"
路书,路书（北京）科技有限公司,北京,50-150人,高级python研发工程师,本科,5-10年,全职,25k-40k,2018-02-09,1号线_大望路;1号线_四惠;6号线_金台路;14号线东段_金台路;14号线东段_大望路," 年度旅游 五险一金 弹性工作 股票期权"
Veeva,维我软件（上海）有限公司北京分公司,北京,500-2000人,Python Engineer,本科,1-3年,全职,15k-20k,2018-02-09,10号线_三元桥;10号线_亮马桥;10号线_农业展览馆;14号线东段_枣营;机场线_三元桥," 行业领先 超长年假 年度旅游"
高域海汇,北京高域海汇科技有限公司,北京,50-150人,Python开发工程师,本科,1-3年,全职,15K-25K,2018-02-06,8号线_北土城;8号线_奥体中心;10号线_牡丹园;10号线_健德门;10号线_北土城," """""
天广汇通,北京天广汇通科技有限公司,北京,50-150人,python开发工程师,本科,3-5年,全职,15k-25k,2018-02-05,6号线_慈寿寺;10号线_慈寿寺;10号线_车道沟," 股票期权 午餐补助 通讯津贴 绩效奖金"
ZingFront智线,智线云科技（北京）有限公司,北京,50-150人,Python 中级工程师,本科,1-3年,全职,13k-18k,2018-02-12,10号线_农业展览馆;10号线_团结湖;14号线东段_枣营;14号线东段_朝阳公园," 绩效奖金 股票期权 带薪年假 弹性工作"
一览科技,北京一览科技有限公司,北京,15-50人,python开发工程师,本科,3-5年,全职,20k-40k,2018-02-09,14号线东段_来广营;14号线东段_东湖渠," 股票期权 弹性工作 领导好 扁平管理"
Gridsum 国双,北京国双科技有限公司,北京,500-2000人,高级python研发工程师（北京）,本科,3-5年,全职,15k-30k,2018-02-09,4号线大兴线_人民大学;4号线大兴线_海淀黄庄;10号线_海淀黄庄;10号线_知春里;10号线_知春路;13号线_知春路," 年度旅游 节日礼物 年底双薪 带薪年假"
博派通达,北京博派通达科技有限公司,北京,50-150人,Python工程师（模拟请求方向）,大专,1-3年,全职,10K-20K,2018-02-05,5号线_和平西桥;5号线_惠新西街南口;5号线_惠新西街北口;10号线_安贞门;10号线_惠新西街南口;10号线_芍药居;13号线_芍药居;13号线_光熙门," 年底双薪 股票期权 专项奖金 带薪年假"
北京中铁信,北京中铁信科技有限公司,北京,50-150人,python web开发工程师,本科,不限,全职,15k-30k,2018-01-31,," 带薪年假 绩效奖金 年度旅游 定期体检"
融360,北京融联世纪信息技术有限公司,北京,500-2000人,python研发工程师,本科,3-5年,全职,15k-30k,2018-01-26,4号线大兴线_海淀黄庄;4号线大兴线_中关村;4号线大兴线_北京大学东门;10号线_苏州街;10号线_海淀黄庄;10号线_知春里," 股票期权 专项奖金 通讯津贴 带薪年假"
中科视拓,中科视拓（北京）科技有限公司,北京,50-150人,Python工程师,本科,5-10年,全职,25k-35k,2018-02-06,10号线_知春里;10号线_知春路;13号线_知春路;13号线_五道口," 交通补助 午餐补助 扁平管理 弹性工作"
博派通达,北京博派通达科技有限公司,北京,50-150人,Python 高级工程师,本科,1-3年,全职,12K-24K,2018-02-11,5号线_和平西桥;5号线_惠新西街南口;5号线_惠新西街北口;10号线_安贞门;10号线_惠新西街南口," 年底双薪 股票期权 专项奖金 带薪年假"
销售易,仁科互动（北京）信息科技有限公司,北京,150-500人,Python开发工程师,本科,3-5年,全职,20k-35k,2018-02-07,6号线_呼家楼;6号线_东大桥;10号线_团结湖;10号线_呼家楼;10号线_金台夕照," 技能培训 节日礼物 年底双薪 绩效奖金"
复华控股,北京复华卓越商业管理有限公司,北京,2000人以上,Python开发工程师,大专,5-10年,全职,15k-30k,2018-02-06,," 通讯津贴 午餐补助 美女多 领导好"
美团点评,北京三快在线科技有限公司,北京,2000人以上,美团云Python/Golang工程师,本科,3-5年,全职,25k-45k,2018-01-25,5号线_和平西桥;8号线_安德里北街;8号线_安华桥;8号线_北土城;10号线_北土城;10号线_安贞门," 技能培训 绩效奖金 岗位晋升 领导好"
有利网,北京弘合柏基金融信息服务有限责任公司,北京,500-2000人,Python工程师,本科,1-3年,全职,8k-16k,2018-02-13,4号线大兴线_海淀黄庄;4号线大兴线_中关村;4号线大兴线_北京大学东门;10号线_苏州街;10号线_海淀黄庄;10号线_知春里," 岗位晋升 股票期权 绩效奖金 定期体检"
猎户星空,北京猎户星空科技有限公司,北京,150-500人,Python开发工程师,本科,3-5年,全职,18k-35k,2018-02-11,6号线_呼家楼;6号线_东大桥;10号线_农业展览馆;10号线_团结湖;10号线_呼家楼," 年度旅游 弹性工作 领导好 五险一金"
Veeva,维我软件（上海）有限公司北京分公司,北京,500-2000人,Python工程师,本科,1-3年,全职,15k-24k,2018-02-08,10号线_三元桥;10号线_亮马桥;10号线_农业展览馆;14号线东段_枣营;机场线_三元桥," 行业领先 超长年假 年度旅游"
搜狗,北京搜狗科技发展有限公司,北京,2000人以上,技术工程部-python开发工程师,本科,3-5年,全职,20k-40k,2018-02-07,4号线大兴线_北京大学东门;13号线_五道口;15号线_清华东路西口," 岗位晋升 扁平管理 管理规范 精英团队"
LBE 科技,永杨安风（北京）科技有限公司,北京,50-150人,Python研发工程师,本科,1-3年,全职,15k-25k,2018-01-31,1号线_四惠东;八通线_四惠东;八通线_高碑店," 绩效奖金 专项奖金 带薪年假 节日礼物"
京东金融,京东金融,北京,2000人以上,Python开发工程师-pass平台方向,本科,5-10年,全职,25k-50k,2018-02-13,," 供应链金融 消费金融 众筹业务 支付业务"
柔持英语,柔持（北京）科技有限公司,北京,150-500人,Python后端开发工程师,本科,1-3年,全职,20k-30k,2018-02-11,14号线东段_阜通;14号线东段_望京南," 交通补助 午餐补助 绩效奖金"
北京理享家,北京理享家商务信息咨询有限公司,北京,150-500人,python开发工程师,大专,1-3年,全职,10k-15k,2018-02-06,1号线_天安门东;1号线_王府井;1号线_东单;2号线_北京站;2号线_崇文门;5号线_崇文门;5号线_东单;5号线_灯市口," 年底双薪 技能培训 绩效奖金 岗位晋升"
游族网络,上海游族信息技术有限公司,北京,500-2000人,中/高级Python研发工程师,本科,3-5年,全职,15k-22k,2018-01-30,14号线东段_阜通;14号线东段_望京南," 五险一金 岗位晋升 弹性工作 扁平管理"
普林科技,北京至信普林科技有限公司,北京,50-150人,后台工程师（Python）-金融事业部,本科,1-3年,全职,13k-25k,2018-02-10,4号线大兴线_中关村;4号线大兴线_北京大学东门;10号线_苏州街," 技能培训 带薪年假 绩效奖金 岗位晋升"
明觉科技,明觉科技（北京）有限公司,北京,15-50人,同质开发工程师（Python开发）,本科,3-5年,全职,15k-25k,2018-02-08,," 年底双薪 绩效奖金 定期体检 技能培训"
有利网,北京弘合柏基金融信息服务有限责任公司,北京,500-2000人,python工程师（高级）,大专,3-5年,全职,14k-28k,2018-01-22,4号线大兴线_海淀黄庄;4号线大兴线_中关村;4号线大兴线_北京大学东门;10号线_苏州街;10号线_海淀黄庄;10号线_知春里," 岗位晋升 股票期权 绩效奖金 定期体检"
阿博茨科技,北京阿博茨科技有限公司,北京,50-150人,Python研发工程师,本科,3-5年,全职,15k-30k,2018-02-07,15号线_六道口;15号线_清华东路西口," 五天工作制 带薪假期 健康午餐 体育课"
CastBox,克鲁（北京）网络科技有限公司,北京,15-50人,Python后端开发工程师,本科,3-5年,全职,20k-40k,2018-02-13,14号线东段_望京;14号线东段_阜通;14号线东段_望京南;15号线_望京," 股票期权 弹性工作 六险一金 免费按摩"
卡车之家,北京卡车之家信息技术股份有限公司,北京,150-500人,python工程师,本科,1-3年,全职,8k-15k,2018-02-11,八通线_高碑店;八通线_传媒大学," 节日礼物 技能培训 带薪年假 岗位晋升"
青松,青松智慧（北京）科技有限公司,北京,15-50人,Python工程师,不限,3-5年,全职,12k-20k,2018-02-09,4号线大兴线_海淀黄庄;4号线大兴线_中关村;4号线大兴线_北京大学东门;10号线_苏州街;10号线_海淀黄庄," 股票期权 带薪年假 年度旅游 扁平管理"
出门问问,北京羽扇智信息科技有限公司,北京,150-500人,python工程师-AI开放平台-中国-00428,本科,3-5年,全职,15k-30k,2018-01-23,4号线大兴线_海淀黄庄;4号线大兴线_中关村;4号线大兴线_北京大学东门;10号线_苏州街;10号线_海淀黄庄;10号线_知春里," 帅哥多 美女多 绩效奖金 股票期权"
360企业安全,北京奇安信科技有限公司,北京,2000人以上,Python开发工程师,本科,3-5年,全职,15k-30k,2018-02-05,14号线东段_望京南;14号线东段_将台," 年底双薪 带薪年假 午餐补助 定期体检"
中企动力,中企动力科技股份有限公司,北京,2000人以上,Python高级研发工程师,大专,3-5年,全职,25k-35k,2018-01-29,," 节日礼物 带薪年假 绩效奖金 岗位晋升"
超对称,超对称（北京）科技有限公司,北京,15-50人,Python开发工程师,本科,1-3年,全职,12k-20k,2018-02-13,14号线东段_望京;14号线东段_阜通;14号线东段_望京南;15号线_望京东;15号线_望京," 股票期权 带薪年假 弹性工作 五险一金"
江山如画网络科技,北京江山如画网路科技有限责任公司,北京,少于15人,Python研发工程师,本科,1-3年,全职,5k-10k,2018-02-11,1号线_玉泉路;1号线_五棵松," 专项奖金 股票期权 绩效奖金 岗位晋升"
聚力维度,北京聚力维度科技有限公司,北京,50-150人,python后端开发工程师,本科,3-5年,全职,15k-25k,2018-02-09,4号线大兴线_北京大学东门;13号线_五道口;15号线_清华东路西口,
美图公司,厦门美图之家科技有限公司,北京,500-2000人,【美图云】Python开发工程师---视觉团队（北京）,不限,3-5年,全职,16k-32k,2018-02-05,," 节日礼物 与大牛共事 福利健全 五险一金"
Face++,北京旷视科技有限公司,北京,500-2000人,Python后端开发工程师,本科,3-5年,全职,25k-50k,2018-02-05,4号线大兴线_海淀黄庄;4号线大兴线_中关村;4号线大兴线_北京大学东门;10号线_海淀黄庄;10号线_知春里;13号线_五道口," 科技大牛公司 自助三餐 年终多薪 超长带薪假期"
棣南新宇,北京棣南新宇科技有限公司,北京,50-150人,Python高级开发工程师,本科,3-5年,全职,15k-20k,2018-02-12,4号线大兴线_人民大学;4号线大兴线_海淀黄庄;4号线大兴线_中关村;10号线_苏州街;10号线_海淀黄庄;10号线_知春里," 五险一金 领导好 扁平管理 节日礼物"
Lespark,北京高梓行远科技有限公司,北京,50-150人,Python开发工程师,本科,1-3年,全职,15k-30k,2018-02-11,13号线_西二旗;昌平线_西二旗," 技能培训 节日礼物 专项奖金 股票期权"
罗辑思维,北京思维造物信息科技有限公司,北京,150-500人,Python后端开发工程师,本科,3-5年,全职,15k-30k,2018-02-08,," 专项奖金 扁平管理 帅哥多 领导好"
天下秀,北京天下秀科技股份有限公司,北京,500-2000人,Python开发工程师,本科,1-3年,全职,18k-25k,2018-02-07,10号线_亮马桥;10号线_农业展览馆;10号线_团结湖," 技能培训 节日礼物 绩效奖金 年度旅游"
360企业安全,北京奇安信科技有限公司,北京,2000人以上,python开发工程师,本科,1-3年,全职,10k-20k,2018-02-05,14号线东段_望京南;14号线东段_将台," 年底双薪 带薪年假 午餐补助 定期体检"
妙计旅行,北京汇行科技有限公司,北京,150-500人,Python研发工程师,本科,1-3年,全职,8k-16k,2018-02-02,2号线_安定门;2号线_雍和宫;5号线_北新桥;5号线_雍和宫;5号线_和平里北街," 股票期权 十四薪 零食饮料水果 团队氛围好"
麦达数字,深圳市麦达数字股份有限公司,北京,500-2000人,PYTHON研发工程师,本科,3-5年,全职,25k-35k,2018-01-30,15号线_望京东," 股票期权 绩效奖金 带薪年假 定期体检"
酷传,北京酷传科技有限公司,北京,50-150人,python工程师,本科,3-5年,全职,10k-20k,2018-01-29,15号线_北沙滩;15号线_六道口;15号线_清华东路西口," 技能培训 扁平管理 股票期权 带薪年假"
缔联科技,北京缔联科技有限公司,北京,15-50人,Python开发工程师,本科,3-5年,全职,10k-20k,2018-02-09,4号线大兴线_海淀黄庄;4号线大兴线_中关村;4号线大兴线_北京大学东门;10号线_苏州街;10号线_海淀黄庄," 年底双薪 节日礼物 年度旅游 岗位晋升"
阿尔山金融科技,北京阿尔山科技有限公司,北京,50-150人,python开发工程师,本科,3-5年,全职,16k-30k,2018-02-09,," 绩效奖金 领导好 扁平管理 技能培训"
知乎,北京智者天下科技有限公司,北京,150-500人,Python开发工程师,本科,3-5年,全职,15k-30k,2018-02-09,15号线_六道口;15号线_清华东路西口," 年底双薪 股票期权 带薪年假 定期体检"
混沌大学,混沌时代（北京）教育科技有限公司,北京,150-500人,python后台开发工程师,本科,1-3年,全职,20k-35k,2018-02-08,4号线大兴线_人民大学;4号线大兴线_海淀黄庄;10号线_海淀黄庄;10号线_知春里;10号线_知春路;13号线_大钟寺;13号线_知春路," 弹性工作 扁平管理 领导好 五险一金"
医渡云（北京）技术有限公司,医渡云（北京）技术有限公司,北京,150-500人,Python开发工程师,大专,3-5年,全职,18K-35K,2018-02-07,10号线_西土城;10号线_牡丹园;10号线_健德门," 节日礼物 年底双薪 股票期权 带薪年假"
颉一软件,广州杰颉软件科技有限公司,北京,15-50人,python工程师（北京）,大专,3-5年,全职,10k-15k,2018-02-07,," 股票期权 绩效奖金 带薪年假 弹性工作"
闪银奇异,北京闪银奇异科技有限公司,北京,500-2000人,高级服务器端Python工程师,本科,3-5年,全职,30k-45k,2018-02-08,6号线_呼家楼;10号线_农业展览馆;10号线_团结湖;10号线_呼家楼;14号线东段_枣营;14号线东段_朝阳公园," 13~15薪 晋升空间大 定期体检 能力定薪"
掌阅,掌阅科技股份有限公司,北京,500-2000人,python工程师,本科,1-3年,全职,15k-20k,2018-02-05,1号线_四惠东;八通线_四惠东;八通线_高碑店," 专项奖金 带薪年假 年度旅游 扁平管理"
创新工场AI工程院,创新工场（北京）企业管理股份有限公司,北京,50-150人,python开发工程师,本科,1-3年,全职,15k-30k,2018-02-05,4号线大兴线_海淀黄庄;4号线大兴线_中关村;4号线大兴线_北京大学东门;10号线_苏州街;10号线_海淀黄庄," 绩效奖金 带薪年假 通讯津贴 年终分红"
百度,百度在线网络技术（北京）有限公司,北京,2000人以上,百度大搜索_PHP/Python研发工程师,本科,1-3年,全职,15k-30k,2018-02-14,16号线_西北旺;16号线_马连洼," 股票期权 弹性工作 五险一金 免费班车"
好巧,北京好巧国际旅行社有限公司,北京,150-500人,python工程师,本科,3-5年,全职,15k-20k,2018-02-13,5号线_和平西桥;5号线_惠新西街南口;8号线_安华桥;8号线_北土城;10号线_北土城;10号线_安贞门;10号线_惠新西街南口," 五险一金 弹性工作 扁平管理 百万医疗"
猎户星空,北京猎户星空科技有限公司,北京,150-500人,python开发工程师,本科,不限,全职,15k-30k,2018-02-12,6号线_呼家楼;6号线_东大桥;10号线_农业展览馆;10号线_团结湖;10号线_呼家楼," 年度旅游 弹性工作 领导好 五险一金"
陪我,博瑞天下（北京)科技有限公司,北京,50-150人,高级后台开发工程师（python）,本科,5-10年,全职,25k-50k,2018-02-09,," 股票期权 扁平管理 美女多 五险一金"
爱咔咔,北京爱咔咔信息技术有限公司,北京,15-50人,Python工程师,本科,3-5年,全职,15k-30k,2018-02-09,13号线_上地," 年底双薪 技术控 股票期权 带薪年假"
混沌大学,混沌时代（北京）教育科技有限公司,北京,150-500人,python后台开发工程师,本科,不限,全职,20k-35k,2018-02-08,4号线大兴线_人民大学;4号线大兴线_海淀黄庄;10号线_海淀黄庄;10号线_知春里;10号线_知春路;13号线_大钟寺;13号线_知春路," 弹性工作 扁平管理 领导好 五险一金"
诚信互通,上海诚信互通网络信息科技有限公司,北京,150-500人,Python研发工程师,大专,3-5年,全职,15k-30k,2018-02-06,4号线大兴线_海淀黄庄;4号线大兴线_中关村;4号线大兴线_北京大学东门;10号线_苏州街;10号线_海淀黄庄," 年底双薪 股票期权 带薪年假 绩效奖金"
北京八维研修学院,北京八维研修学院,北京,2000人以上,Python技术经理,本科,5-10年,全职,20k-25k,2018-02-03,13号线_上地,
麦达数字,深圳市麦达数字股份有限公司,北京,500-2000人,PYTHON研发工程师,本科,3-5年,全职,25k-35k,2018-02-14,15号线_望京东," 股票期权 绩效奖金 带薪年假 定期体检"
罗辑思维,北京思维造物信息科技有限公司,北京,150-500人,Python开发,本科,1-3年,全职,15k-30k,2018-02-08,," 专项奖金 扁平管理 帅哥多 领导好"
搜狗,北京搜狗科技发展有限公司,北京,2000人以上,搜狗海外输入法-Python高级开发工程师,本科,3-5年,全职,20k-40k,2018-02-07,4号线大兴线_北京大学东门;13号线_五道口;15号线_清华东路西口," 岗位晋升 扁平管理 管理规范 精英团队"
好未来,北京世纪好未来教育科技有限公司,北京,2000人以上,家长帮-Python/Django web开发工程师,本科,3-5年,全职,20k-35k,2018-02-05,4号线大兴线_海淀黄庄;4号线大兴线_中关村;4号线大兴线_北京大学东门;10号线_苏州街;10号线_海淀黄庄," 上市公司 领军企业 五险一金 住福计划"
XSKY,星辰天合（北京）数据科技有限公司,北京,150-500人,存储应用开发工程师-Java/GO/Python,本科,3-5年,全职,18k-35k,2018-02-11,10号线_车道沟;10号线_长春桥;10号线_火器营," 股票期权 带薪年假 绩效奖金 定期体检"
LinkDoc,零氪信息技术（北京）有限公司,北京,150-500人,Python工程师（北京）,本科,不限,全职,15k-25k,2018-02-11,4号线大兴线_海淀黄庄;4号线大兴线_中关村;4号线大兴线_北京大学东门;10号线_苏州街;10号线_海淀黄庄;10号线_知春里,
乐信圣文,北京乐信圣文科技有限责任公司,北京,15-50人,python工程师,本科,1-3年,全职,15k-30k,2018-02-11,8号线_永泰庄;8号线_西小口," 交通补助 午餐补助 项目奖金 季度奖金"
小米,北京小米科技有限责任公司,北京,2000人以上,Python服务器工程师-小米电视BSP,本科,1-3年,全职,15k-25k,2018-02-08,13号线_上地," 快速成长 免费班车 扁平管理 技能培训"
蓝沧科技,北京蓝沧科技有限公司,北京,50-150人,中级Python开发工程师,本科,3-5年,全职,12k-22k,2018-02-08,14号线东段_来广营;14号线东段_东湖渠," 带薪年假 国际视野 专项奖金 绩效奖金"
瓜子二手车直卖网,车好多旧机动车经纪(北京)有限公司,北京,2000人以上,Python开发工程师,本科,3-5年,全职,20k-40k,2018-01-30,13号线_西二旗;昌平线_西二旗," 带薪年假 弹性工作 免费班车 美女多"
出门问问,北京羽扇智信息科技有限公司,北京,150-500人,Python研发工程师,本科,1-3年,全职,12k-24k,2018-01-30,4号线大兴线_海淀黄庄;4号线大兴线_中关村;4号线大兴线_北京大学东门;10号线_苏州街;10号线_海淀黄庄," 帅哥多 美女多 绩效奖金 股票期权"
奇点汽车,智车优行科技（北京）有限公司,北京,150-500人,Python 开发工程师,本科,3-5年,全职,15k-20k,2018-02-12,6号线_呼家楼;6号线_东大桥;10号线_农业展览馆;10号线_团结湖;10号线_呼家楼;10号线_金台夕照," 股票期权 午餐补助 专项奖金 定期体检"
人人贷,人人贷商务顾问（北京）有限公司,北京,500-2000人,Python开发工程师,本科,1-3年,全职,8k-16k,2018-02-10,4号线大兴线_北京大学东门;13号线_五道口;15号线_清华东路西口," 绩效奖金 年底双薪 五险一金 交通补助"
助理来也,北京来也网络科技有限公司,北京,50-150人,Python开发工程师,本科,1-3年,全职,15k-30k,2018-02-10,4号线大兴线_海淀黄庄;4号线大兴线_中关村;4号线大兴线_北京大学东门;10号线_海淀黄庄;10号线_知春里;13号线_五道口," 绩效奖金 扁平管理 领导好 五险一金"
猎豹移动,北京金山网络科技有限公司,北京,500-2000人,后台开发工程师（Python）,本科,1-3年,全职,15k-20k,2018-01-23,," 带薪年假 美女前台 超赞年终奖 一公里工作圈"
省钱快报,北京九州云动科技有限公司,北京,50-150人,Python,本科,1-3年,全职,15k-30k,2018-02-13,2号线_安定门;2号线_雍和宫;5号线_北新桥;5号线_雍和宫;5号线_和平里北街," 技能培训 专项奖金 带薪年假 绩效奖金"
多点Dmall,多点生活（中国）网络科技有限公司,北京,500-2000人,Python开发工程师,本科,3-5年,全职,10k-20k,2018-02-08,4号线大兴线_人民大学;4号线大兴线_海淀黄庄;4号线大兴线_中关村;10号线_苏州街;10号线_海淀黄庄;10号线_知春里," 技能培训 年底双薪 节日礼物 绩效奖金"
天润融通,北京天润融通科技有限公司,北京,150-500人,Python开发工程师[亦庄],本科,不限,全职,15k-30k,2018-02-07,," 五险一金 带薪年假 免费班车 领导好"
高思教育集团,北京高思博乐教育科技股份有限公司,北京,2000人以上,Python工程师-大数据方向,本科,3-5年,全职,15k-30k,2018-01-30,," 绩效奖金 带薪年假 专项奖金 六险一金"
NewsDog,北京明日虫洞科技有限公司,北京,15-50人,Python,本科,1-3年,全职,15k-30k,3天前发布,4号线大兴线_人民大学;4号线大兴线_海淀黄庄;4号线大兴线_中关村;10号线_苏州街;10号线_海淀黄庄;10号线_知春里," 年底双薪 股票期权 扁平管理 领导好"
罗威亚科技,北京罗威亚科技有限公司,北京,15-50人,python攻城狮,本科,1-3年,全职,9k-15k,2018-02-07,亦庄线_万源街;亦庄线_荣京东街;亦庄线_荣昌东街," 扁平管理 技能培训 弹性工作 领导好"
Face++,北京旷视科技有限公司,北京,500-2000人,Python后端工程师,本科,3-5年,全职,25k-50k,2018-02-05,4号线大兴线_海淀黄庄;4号线大兴线_中关村;4号线大兴线_北京大学东门;10号线_海淀黄庄;10号线_知春里;10号线_知春路;13号线_知春路;13号线_五道口," 科技大牛公司 自助三餐 年终多薪 超长带薪假期"
瓜子二手车直卖网,车好多旧机动车经纪(北京)有限公司,北京,2000人以上,Python,本科,1-3年,全职,20k-30k,2018-01-30,13号线_龙泽," 带薪年假 弹性工作 免费班车 美女多"
多点Dmall,多点生活（中国）网络科技有限公司,北京,500-2000人,Python开发工程师,本科,3-5年,全职,10k-20k,2018-02-08,4号线大兴线_人民大学;4号线大兴线_海淀黄庄;4号线大兴线_中关村;10号线_苏州街;10号线_海淀黄庄;10号线_知春里," 技能培训 年底双薪 节日礼物 绩效奖金"
天润融通,北京天润融通科技有限公司,北京,150-500人,Python开发工程师[亦庄],本科,不限,全职,15k-30k,2018-02-07,," 五险一金 带薪年假 免费班车 领导好"
高思教育集团,北京高思博乐教育科技股份有限公司,北京,2000人以上,Python工程师-大数据方向,本科,3-5年,全职,15k-30k,2018-01-30,," 绩效奖金 带薪年假 专项奖金 六险一金"
NewsDog,北京明日虫洞科技有限公司,北京,15-50人,Python,本科,1-3年,全职,15k-30k,3天前发布,4号线大兴线_人民大学;4号线大兴线_海淀黄庄;4号线大兴线_中关村;10号线_苏州街;10号线_海淀黄庄;10号线_知春里," 年底双薪 股票期权 扁平管理 领导好"
罗威亚科技,北京罗威亚科技有限公司,北京,15-50人,python攻城狮,本科,1-3年,全职,9k-15k,2018-02-07,亦庄线_万源街;亦庄线_荣京东街;亦庄线_荣昌东街," 扁平管理 技能培训 弹性工作 领导好"
Face++,北京旷视科技有限公司,北京,500-2000人,Python后端工程师,本科,3-5年,全职,25k-50k,2018-02-05,4号线大兴线_海淀黄庄;4号线大兴线_中关村;4号线大兴线_北京大学东门;10号线_海淀黄庄;10号线_知春里;10号线_知春路;13号线_知春路;13号线_五道口," 科技大牛公司 自助三餐 年终多薪 超长带薪假期"
一起作业网,上海一起作业信息科技有限公司,北京,500-2000人,python后端开发工程师,本科,1-3年,全职,20k-40k,2018-02-13,," 节日礼物 岗位晋升 扁平管理 领导好"
赤子城,赤子城网络技术（北京）有限公司,北京,150-500人,Python开发工程师,本科,1-3年,全职,10k-20k,2018-02-08,10号线_三元桥;10号线_亮马桥;机场线_三元桥," 学习氛围好 扁平管理 交通方便 各种旅行福利"
千锋教育,北京千锋互联科技有限公司,北京,500-2000人,python,本科,3-5年,全职,20k-40k,2018-02-08,8号线_永泰庄," 节日礼物 专项奖金 股票期权 带薪年假"
掌控,北京掌控世代科技有限公司,北京,15-50人,Python工程师,本科,1-3年,全职,8k-15k,2018-02-09,13号线_西二旗;昌平线_西二旗," 股票期权 带薪年假 定期体检 年度旅游"
星健,上海星双健投资管理有限公司,北京,50-150人,高级Python开发工程师,本科,3-5年,全职,15k-30k,2018-01-31,6号线_呼家楼;6号线_东大桥;10号线_团结湖;10号线_呼家楼;10号线_金台夕照," """""
竞技世界,竞技世界（北京）网络技术有限公司,北京,500-2000人,服务器开发工程师（nodejs/java/python/go,本科,3-5年,全职,15K-30K,2018-01-31,," 节日礼物 技能培训 年底双薪 年度旅游"
摩尔妈妈,北京摩尔妈咪网络科技有限公司,北京,15-50人,Python工程师,本科,1-3年,全职,15k-30k,2018-02-07,14号线东段_东风北桥;14号线东段_枣营," 年底双薪 股票期权 定期体检 带薪年假"
更美APP,北京完美创意科技有限公司,北京,150-500人,Python后端开发工程师,本科,不限,全职,15k-30k,2018-02-07,14号线东段_望京;14号线东段_阜通;14号线东段_望京南;15号线_望京东;15号线_望京," 五险一金 带薪年假 定期体检 岗位晋升"
罗辑思维,北京思维造物信息科技有限公司,北京,150-500人,Python开发工程师,不限,不限,全职,15k-30k,2018-02-05,1号线_国贸;1号线_大望路;10号线_金台夕照;10号线_国贸;14号线东段_大望路," 专项奖金 扁平管理 帅哥多 领导好"
妙计旅行,北京汇行科技有限公司,北京,150-500人,Python开发工程师,本科,1-3年,全职,8k-16k,2018-02-02,2号线_安定门;2号线_雍和宫;5号线_北新桥;5号线_雍和宫;5号线_和平里北街," 股票期权 十四薪 零食饮料水果 团队氛围好"
币信,北京必然如此网络技术有限公司,北京,15-50人,Python工程师,本科,1-3年,全职,25k-35k,2018-02-08,4号线大兴线_海淀黄庄;4号线大兴线_中关村;4号线大兴线_北京大学东门;10号线_苏州街;10号线_海淀黄庄," 定期体检 弹性工作 美女多 帅哥多"
联众同行,联众同行健康服务有限公司,北京,50-150人,python后端工程师,本科,3-5年,全职,25k-45k,2018-02-06,14号线东段_来广营;14号线东段_东湖渠,
深度加速,深度加速（北京）科技有限公司,北京,50-150人,Python研发工程师,本科,3-5年,全职,20k-30k,2018-02-05,6号线_金台路;6号线_呼家楼;10号线_农业展览馆;10号线_团结湖;10号线_呼家楼;14号线东段_枣营;14号线东段_朝阳公园;14号线东段_金台路," 领导好 扁平管理 技能培训 五险一金"
灵雀云,北京凌云雀科技有限公司,北京,150-500人,Python,本科,不限,全职,13k-25k,2018-02-14,," 股票期权 顶级技术团队 带薪年假 国际化管理"
Gridsum 国双,北京国双科技有限公司,北京,500-2000人,Python研发工程师（北京）,本科,1-3年,全职,10k-20k,2018-02-08,4号线大兴线_人民大学;4号线大兴线_海淀黄庄;10号线_海淀黄庄;10号线_知春里;10号线_知春路;13号线_知春路," 年度旅游 节日礼物 年底双薪 带薪年假"
博派通达,北京博派通达科技有限公司,北京,50-150人,Python工程师,大专,1-3年,全职,10K-20K,2018-02-05,5号线_和平西桥;5号线_惠新西街南口;5号线_惠新西街北口;10号线_安贞门;10号线_惠新西街南口;10号线_芍药居;13号线_芍药居;13号线_光熙门," 年底双薪 股票期权 专项奖金 带薪年假"
北京天融信公司,北京天融信网络安全,北京,2000人以上,python开发工程师,本科,1-3年,全职,10k-15k,2018-02-06,," 五险一金 弹性工作 交通补助 定期体检"
阿里巴巴—高德,高德软件有限公司,北京,2000人以上,高德-python开发高级工程师,本科,1-3年,全职,18k-36k,2018-01-29,14号线东段_望京;14号线东段_阜通;14号线东段_望京南;15号线_望京," 弹性工作 帅哥多 美女多 五险一金"
微诺时代北京科技股份有限公司,微诺时代（北京）科技股份有限公司,北京,15-50人,Python研发工程师,本科,3-5年,全职,10k-15k,2018-02-11,13号线_大钟寺," 绩效奖金 交通补助 午餐补助 技能培训"
智影,北京源石智影科技有限公司,北京,50-150人,资深应用开发工程师（Python语言）,本科,5-10年,全职,20k-40k,2018-02-05,1号线_永安里;1号线_国贸;6号线_呼家楼;6号线_东大桥;10号线_呼家楼;10号线_金台夕照;10号线_国贸," 专项奖金 股票期权 绩效奖金 年终分红"
靠谱投,北京靠谱筹信息技术有限公司,北京,50-150人,Python后端工程师,本科,1-3年,全职,8k-15k,2018-02-08,2号线_阜成门;2号线_车公庄;2号线_西直门;4号线大兴线_西直门;6号线_车公庄;6号线_车公庄西," 技能培训 节日礼物 股票期权 带薪年假"
店商互联,店商互联（北京）科技发展有限公司,北京,500-2000人,Python开发工程师,本科,1-3年,全职,8k-15k,2018-01-31,4号线大兴线_人民大学;4号线大兴线_海淀黄庄;4号线大兴线_中关村;10号线_苏州街;10号线_海淀黄庄;10号线_知春里," 技能培训 年底双薪 节日礼物 绩效奖金"
闪银奇异,北京闪银奇异科技有限公司,北京,500-2000人,Python数据工程师,本科,3-5年,全职,25k-50k,2018-02-09,6号线_呼家楼;10号线_农业展览馆;10号线_团结湖;10号线_呼家楼;14号线东段_枣营;14号线东段_朝阳公园," 13~15薪 晋升空间大 定期体检 能力定薪"
北京中铁信,北京中铁信科技有限公司,北京,50-150人,python web开发工程师,本科,不限,全职,15k-30k,2018-01-31,," 带薪年假 绩效奖金 年度旅游 定期体检"
鲸准,北京创业光荣信息科技有限责任公司,北京,150-500人,python算法工程师/算法专家,硕士,3-5年,全职,30k-50k,2018-01-23,10号线_车道沟;10号线_长春桥;10号线_火器营," 年底双薪 专项奖金 带薪年假 定期体检"
果壳网,北京果壳互动信息技术有限公司,北京,150-500人,Python后端工程师,本科,不限,全职,10k-20k,2018-02-12,1号线_国贸;1号线_大望路;7号线_九龙山;10号线_国贸;14号线东段_大望路;14号线东段_九龙山," 技能培训 年度旅游 岗位晋升 家庭式三餐"
有利网,北京弘合柏基金融信息服务有限责任公司,北京,500-2000人,Python工程师,本科,1-3年,全职,10k-20k,2018-02-08,4号线大兴线_海淀黄庄;4号线大兴线_中关村;4号线大兴线_北京大学东门;10号线_苏州街;10号线_海淀黄庄;10号线_知春里," 岗位晋升 股票期权 绩效奖金 定期体检"
铂金智慧,北京铂金智慧网络科技有限公司,北京,150-500人,Python开发工程师,本科,1-3年,全职,10k-20k,2018-02-05,13号线_上地," 带薪年假 绩效奖金 五险一金 岗位晋升"
比邻星球,北京比邻星球信息技术有限公司,北京,少于15人,Python开发工程师,本科,3-5年,全职,18k-26k,2018-01-25,1号线_永安里;1号线_国贸;1号线_大望路;7号线_九龙山;7号线_广渠门外;10号线_国贸;10号线_双井;14号线东段_大望路;14号线东段_九龙山," 股票期权 绩效奖金 带薪年假 弹性工作"
Face++,北京旷视科技有限公司,北京,500-2000人,高级Python后端工程师,本科,3-5年,全职,20k-35k,2018-02-12,4号线大兴线_海淀黄庄;4号线大兴线_中关村;4号线大兴线_北京大学东门;10号线_海淀黄庄;10号线_知春里;13号线_五道口," 科技大牛公司 自助三餐 年终多薪 超长带薪假期"
企飞,易企飞（北京）人力资源科技有限公司,北京,50-150人,Python开发工程师,本科,3-5年,全职,13k-25k,2018-02-06,14号线东段_将台," 股票期权 高成长性 弹性工作 扁平管理"
推想科技,北京推想科技有限公司,北京,50-150人,python工程师,大专,1年以下,全职,8k-15k,2018-02-09,1号线_大望路;1号线_四惠;6号线_十里堡;14号线东段_大望路," 午餐补助 股票期权 定期体检 弹性工作"
米饭粒,北京米饭粒科技有限公司,北京,15-50人,高级Python工程师,本科,3-5年,全职,10k-12k,2018-02-07,10号线_长春桥;10号线_火器营," 技能培训 年底双薪 专项奖金 股票期权"
中创三优,中创三优（北京）科技有限公司,北京,50-150人,python高级开发工程师,本科,3-5年,全职,15k-30k,2018-01-29,4号线大兴线_动物园;4号线大兴线_国家图书馆;6号线_白石桥南;6号线_花园桥;9号线_白石桥南;9号线_国家图书馆," 年底双薪 股票期权 专项奖金 绩效奖金"
深度好奇,深度好奇（北京）科技有限公司,北京,15-50人,Python工程师,本科,不限,全职,6k-8k,3天前发布,13号线_五道口;15号线_清华东路西口," 机器学习 深度学习 自然语言处理 NLP"
FreeWheel,飞维美地信息技术（北京）有限公司,北京,500-2000人,资深Python开发工程师,本科,3-5年,全职,24k-32k,2018-02-12,10号线_亮马桥;14号线东段_东风北桥;14号线东段_枣营," 技能培训 绩效奖金 岗位晋升 领导好"
小学宝,北京慧达天下科技有限公司,北京,15-50人,Python开发工程师,本科,1-3年,全职,14k-20k,2018-02-05,15号线_北沙滩;15号线_六道口," 技能培训 股票期权 岗位晋升 扁平管理"
京东金融,京东金融,北京,2000人以上,Python研发工程师,本科,5-10年,全职,25k-50k,2018-02-13,," 供应链金融 消费金融 众筹业务 支付业务"
有利网,北京弘合柏基金融信息服务有限责任公司,北京,500-2000人,Python Web工程师,本科,1-3年,全职,8k-16k,2018-02-13,4号线大兴线_海淀黄庄;4号线大兴线_中关村;4号线大兴线_北京大学东门;10号线_苏州街;10号线_海淀黄庄;10号线_知春里," 岗位晋升 股票期权 绩效奖金 定期体检"
Face++,北京旷视科技有限公司,北京,500-2000人,python高级后端工程师,本科,5-10年,全职,25k-50k,2018-02-08,4号线大兴线_海淀黄庄;4号线大兴线_中关村;4号线大兴线_北京大学东门;10号线_海淀黄庄;10号线_知春里;13号线_五道口," 科技大牛公司 自助三餐 年终多薪 超长带薪假期"
博派通达,北京博派通达科技有限公司,北京,50-150人,Python 高级工程师（模拟请求方向）,本科,1-3年,全职,12K-24K,2018-02-11,5号线_和平西桥;5号线_惠新西街南口;5号线_惠新西街北口;10号线_安贞门;10号线_惠新西街南口," 年底双薪 股票期权 专项奖金 带薪年假"
阳光产险,阳光财产保险股份有限公司,北京,500-2000人,智能工程项目部-Python算法工程师,硕士,1-3年,全职,10k-20k,2018-02-01,," 六险一金 地铁周边 弹性工作 福利好"
达观数据,达而观信息科技（上海）有限公司,北京,50-150人,python后端工程师（北京）,本科,1-3年,全职,10k-18k,2018-02-06,2号线_安定门;2号线_雍和宫;5号线_北新桥;5号线_雍和宫;5号线_和平里北街," 股票期权 扁平管理 领导好 大牛团队"
墨迹天气,北京墨迹风云科技股份有限公司,北京,150-500人,Python 开发工程师,本科,3-5年,全职,20k-35k,2018-02-14,," 五险一金 弹性工作 岗位晋升 帅哥多"
哗啦啦,北京多来点信息技术有限公司,北京,500-2000人,Python后端开发工程师,本科,1-3年,全职,15k-25k,2018-02-11,2号线_车公庄;2号线_西直门;4号线大兴线_新街口;4号线大兴线_西直门;4号线大兴线_动物园;6号线_车公庄;6号线_车公庄西," 技能培训 岗位晋升 领导好 带薪年假"
创新工场AI工程院,创新工场（北京）企业管理股份有限公司,北京,50-150人,python后端高级工程师,本科,3-5年,全职,25k-40k,2018-02-05,4号线大兴线_海淀黄庄;4号线大兴线_中关村;4号线大兴线_北京大学东门;10号线_苏州街;10号线_海淀黄庄," 绩效奖金 带薪年假 通讯津贴 年终分红"
FIS,北京金城达林医疗科技有限责任公司,北京,15-50人,高级开发（python）,本科,3-5年,全职,15k-30k,2018-01-30,4号线大兴线_枣园;4号线大兴线_高米店南;4号线大兴线_高米店北," 年底双薪 绩效奖金 带薪年假 午餐补助"
省钱快报,北京九州云动科技有限公司,北京,50-150人,Python,本科,1-3年,全职,15k-30k,2018-02-14,2号线_安定门;2号线_雍和宫;5号线_北新桥;5号线_雍和宫;5号线_和平里北街," 技能培训 专项奖金 带薪年假 绩效奖金"
北大医信,北大医疗信息技术有限公司,北京,500-2000人,Python开发工程师,本科,1-3年,全职,6k-12k,2018-02-12,4号线大兴线_海淀黄庄;4号线大兴线_中关村;4号线大兴线_北京大学东门;10号线_苏州街;10号线_海淀黄庄," 技能培训 节日礼物 带薪年假 绩效奖金"
千锋教育,北京千锋互联科技有限公司,北京,500-2000人,Python讲师,本科,3-5年,全职,20k-40k,2018-02-08,8号线_永泰庄," 节日礼物 专项奖金 股票期权 带薪年假"
西贝,内蒙古西贝餐饮连锁有限责任公司,北京,2000人以上,Python开发工程师,大专,1-3年,全职,8K-15K,2018-01-25,5号线_和平西桥;5号线_惠新西街南口;5号线_惠新西街北口;10号线_安贞门;10号线_惠新西街南口;10号线_芍药居;13号线_芍药居;13号线_光熙门,
一起作业网,上海一起作业信息科技有限公司,北京,500-2000人,python后端开发工程师,本科,1-3年,全职,20k-40k,2018-02-13,," 节日礼物 岗位晋升 扁平管理 领导好"
陪我,博瑞天下（北京)科技有限公司,北京,50-150人,python工程师,本科,1-3年,全职,10k-20k,2018-02-09,," 股票期权 扁平管理 美女多 五险一金"
千锋教育,北京千锋互联科技有限公司,北京,500-2000人,python讲师,大专,3-5年,全职,20k-40k,2018-02-08,8号线_永泰庄," 节日礼物 专项奖金 股票期权 带薪年假"
瓜子二手车直卖网,车好多旧机动车经纪(北京)有限公司,北京,2000人以上,瓜子二手车-Python高级开发工程师,本科,3-5年,全职,20k-35k,2018-01-30,13号线_龙泽," 带薪年假 弹性工作 免费班车 美女多"
芥末堆,颉墨（北京）科技有限公司,北京,15-50人,Python数据开发工程师,本科,1-3年,全职,15k-25k,2018-02-11,15号线_北沙滩;15号线_六道口," 年终分红 五险一金 带薪年假 岗位晋升"
首汇焦点,首汇焦点（北京）科技有限公司,北京,150-500人,Python研发工程师（北京）,大专,3-5年,全职,15k-25k,2018-01-29,," 定期体检 午餐补助 弹性工作 节日礼物"
乐飞天下,乐飞天下信息技术(北京)有限公司,北京,15-50人,Python开发工程师,大专,3-5年,全职,15k-25k,2018-01-24,1号线_国贸;1号线_大望路;10号线_国贸;14号线东段_大望路," 技能培训 扁平管理 五险一金 午餐补助"
晶泰科技,深圳晶泰科技有限公司,北京,50-150人,Python后台开发,本科,1-3年,全职,10k-18k,2018-02-10,4号线大兴线_海淀黄庄;4号线大兴线_中关村;4号线大兴线_北京大学东门;10号线_苏州街;10号线_海淀黄庄," 节日礼物 股票期权 岗位晋升 扁平管理"
58到家,北京五八到家信息技术有限公司,北京,2000人以上,中、高级运维研发工程师(Python),本科,1-3年,全职,15k-30k,2018-01-30,5号线_北苑路北;5号线_立水桥南," 节日礼物 技能培训 股票期权 免费班车"
北京人和集团,北京人和易行科技有限公司,北京,150-500人,python(odoo开发工程师),大专,3-5年,全职,15k-30k,2018-01-28,," 员工旅游 提供食宿 培训 绩效奖金"
更美APP,北京完美创意科技有限公司,北京,150-500人,Python后端开发工程师,本科,不限,全职,15k-30k,2018-02-07,14号线东段_望京;14号线东段_阜通;14号线东段_望京南;15号线_望京东;15号线_望京," 五险一金 带薪年假 定期体检 岗位晋升"
智影,北京源石智影科技有限公司,北京,50-150人,资深云系统后端开发工程师（Python语言）,本科,5-10年,全职,20k-40k,2018-02-05,1号线_永安里;1号线_国贸;6号线_呼家楼;6号线_东大桥;10号线_呼家楼;10号线_金台夕照;10号线_国贸," 专项奖金 股票期权 绩效奖金 年终分红"
京东商城研发部,京东商城-技术研发体系-大数据部,北京,2000人以上,Python,本科,5-10年,全职,30k-50k,2018-02-13,8号线_奥林匹克公园;8号线_森林公园南门;15号线_奥林匹克公园," 年底双薪 绩效奖金 定期体检 五险一金"
Yi+,北京陌上花科技有限公司,北京,15-50人,Python开发工程师（推荐系统）,本科,3-5年,全职,18k-35k,2018-02-11,4号线大兴线_人民大学;4号线大兴线_海淀黄庄;4号线大兴线_中关村;10号线_苏州街;10号线_海淀黄庄;10号线_知春里," 股票期权 岗位晋升 弹性工作 绩效奖金"
巴迪控股,巴迪艾斯（北京）数据科技有限公司,北京,15-50人,Python高级开发工程师,本科,1-3年,全职,15k-20k,2018-02-05,2号线_西直门;4号线大兴线_西直门," 股票期权 带薪年假 交通补助 专项奖金"
有利网,北京弘合柏基金融信息服务有限责任公司,北京,500-2000人,Python,本科,1年以下,全职,8k-16k,2018-01-22,4号线大兴线_海淀黄庄;4号线大兴线_中关村;4号线大兴线_北京大学东门;10号线_苏州街;10号线_海淀黄庄;10号线_知春里," 岗位晋升 股票期权 绩效奖金 定期体检"
京东金融,京东金融,北京,2000人以上,高级开发工程师-Python/Java/Go,本科,5-10年,全职,25k-45k,2018-02-13,," 供应链金融 消费金融 众筹业务 支付业务"
爱因互动,爱因互动科技发展（北京）有限公司,北京,15-50人,python开发工程师,本科,1-3年,全职,15k-30k,2018-01-23,8号线_安华桥;8号线_北土城;8号线_奥体中心;10号线_健德门;10号线_北土城;10号线_安贞门," 领导好 五险一金 扁平管理 通讯津贴"
聚宽 JoinQuant,北京小龙虾科技有限公司,北京,50-150人,Python系统开发工程师,本科,1-3年,全职,15k-30k,2018-02-12,1号线_永安里;1号线_国贸;10号线_金台夕照;10号线_国贸," 股票期权 带薪年假 扁平管理 定期体检"
颉一软件,广州杰颉软件科技有限公司,北京,15-50人,高级Python后台开发人员,本科,5-10年,全职,25k-30k,2018-02-07,," 股票期权 绩效奖金 带薪年假 弹性工作"
秒秒测科技,秒秒测科技（北京）有限公司,北京,15-50人,高级Python工程师,本科,3-5年,全职,15k-30k,2018-02-05,4号线大兴线_海淀黄庄;4号线大兴线_中关村;4号线大兴线_北京大学东门;10号线_苏州街;10号线_海淀黄庄,
美景听听App,美景听听（北京）科技有限公司,北京,15-50人,Python高级开发工程师,本科,1-3年,全职,13K-20K,2018-02-05,2号线_阜成门;2号线_车公庄;6号线_车公庄;6号线_车公庄西," 股票期权 绩效奖金 领导好 弹性工作"
慕课网,北京慕课科技中心,北京,50-150人,Python 讲师,不限,3-5年,兼职,16k-32k,2018-01-25,4号线大兴线_魏公村;4号线大兴线_人民大学;10号线_长春桥," 节日礼物 技能培训 节日礼品卡 月度团建"
百度,百度在线网络技术（北京）有限公司,北京,2000人以上,百度大搜-PHP/python研发工程师,本科,1-3年,全职,15k-30k,2018-02-14,13号线_西二旗;昌平线_西二旗," 股票期权 弹性工作 五险一金 免费班车"
金证股份,深圳市金证科技股份有限公司,北京,2000人以上,python运维开发工程师,本科,1-3年,全职,6k-8k,2018-02-09,4号线大兴线_魏公村;4号线大兴线_人民大学," 激情的团队 股票期权 努力变大牛 有舞台给您跳"
知新树,北京知新树科技有限公司,北京,50-150人,北京-python 讲师,本科,3-5年,全职,15k-25k,2018-02-09,," 专项奖金 绩效奖金 定期体检 弹性工作"
微车,北京步鼎方舟科技有限公司,北京,150-500人,Python架构师,本科,5-10年,全职,30k-35k,2018-02-14,10号线_苏州街;10号线_长春桥;10号线_火器营,
今日头条,北京字节跳动科技有限公司,北京,500-2000人,Python 研发工程师,本科,3-5年,全职,25k-45k,2018-02-14,," 扁平管理 弹性工作 大厨定制三餐 就近租房补贴"
知乎,北京智者天下科技有限公司,北京,150-500人,安全开发工程师（安全方向 Python 开发）,本科,1-3年,全职,15k-30k,2018-02-14,15号线_六道口;15号线_清华东路西口," 年底双薪 股票期权 带薪年假 定期体检"
文脉互动,北京文脉互动科技有限公司,北京,50-150人,Python服务器开发,不限,不限,全职,10k-20k,2018-02-11,14号线东段_望京南," 年底双薪 交通补助 午餐补助 定期体检"
Tesco,天津开发区乐购生活购物有限公司,北京,500-2000人,python开发工程师,本科,1-3年,全职,10k-13k,2018-02-07,14号线东段_将台," """""
奇虎360,北京奇虎科技有限公司,北京,500-2000人,高级Python工程师,本科,3-5年,全职,15k-30k,2018-01-29,14号线东段_望京南;14号线东段_将台," """""
库神,北京库神信息技术有限公司,北京,15-50人,Python高级开发工程师,大专,3-5年,全职,13K-25K,2018-01-22,13号线_上地,
混沌大学,混沌时代（北京）教育科技有限公司,北京,150-500人,Python数据开发工程师,本科,不限,全职,15k-25k,2018-02-02,4号线大兴线_人民大学;4号线大兴线_海淀黄庄;10号线_海淀黄庄;10号线_知春里;10号线_知春路;13号线_大钟寺;13号线_知春路," 弹性工作 扁平管理 领导好 五险一金"
北京八维研修学院,北京八维研修学院,北京,2000人以上,Python讲师,本科,1-3年,全职,15K-25K,2018-01-30,16号线_马连洼,
云腾,上海云腾自动化科技有限公司,北京,50-150人,Python后端开发工程师,本科,3-5年,全职,40k-50k,2018-02-05,13号线_望京西;14号线东段_望京;14号线东段_阜通;15号线_望京;15号线_望京西," 年底双薪 专项奖金 股票期权 带薪年假"
掌阅iReader,掌阅科技（北京）股份有限公司,北京,500-2000人,Python开发（高级、专家）,本科,3-5年,全职,25k-40k,2018-02-05,,
Plum,致美生活（北京）科技有限公司,北京,50-150人,研发工程师-Golang/Python,本科,1-3年,全职,10k-20k,2018-02-09,14号线东段_来广营;14号线东段_东湖渠;15号线_望京东," 股票期权 带薪年假 弹性工作 不打卡"
黑牛保,无锡信成网络科技有限公司,北京,15-50人,Python工程师,本科,3-5年,全职,13k-20k,2018-02-12,亦庄线_万源街;亦庄线_荣京东街;亦庄线_荣昌东街," 扁平管理 弹性工作 绩效奖金 通讯津贴"
中公教育,北京中公教育科技股份有限公司,北京,2000人以上,Python讲师,本科,1-3年,全职,15k-30k,2018-02-07,15号线_六道口," 五险一金 年终奖金 绩效奖金 岗位晋升"
点智互动,北京点智互动信息技术有限公司,北京,150-500人,python研发工程师,本科,1-3年,全职,8k-10k,2018-02-07,4号线大兴线_魏公村;4号线大兴线_人民大学," 绩效奖金 年底双薪 五险一金 通讯津贴"
Kavout,Finanlytics Inc,北京,15-50人,Python 研发工程师,本科,1-3年,全职,16k-32k,2018-01-30,10号线_太阳宫;10号线_三元桥;机场线_三元桥," 技能培训 节日礼物 股票期权 带薪年假"
墨云科技,北京墨云科技有限公司,北京,15-50人,Python后端开发工程师,本科,3-5年,全职,15k-30k,2018-02-16,13号线_上地;13号线_西二旗;昌平线_西二旗," 股票期权 午餐补助 交通补助 领导好"
FreeWheel,飞维美地信息技术（北京）有限公司,北京,500-2000人,资深Java/Python/C#/PHP开发,本科,3-5年,全职,27k-32k,2018-02-12,10号线_亮马桥;14号线东段_东风北桥;14号线东段_枣营," 技能培训 绩效奖金 岗位晋升 领导好"
小睿,北京小睿科技有限公司,北京,50-150人,Python Web开发工程师,本科,1-3年,全职,10k-15k,2018-02-07,6号线_呼家楼;6号线_东大桥;10号线_农业展览馆;10号线_团结湖;10号线_呼家楼;10号线_金台夕照," 带薪年假 午餐补助 通讯津贴 交通补助"
智影,北京源石智影科技有限公司,北京,50-150人,分布式计算开发工程师（Python语言）,本科,5-10年,全职,20k-40k,2018-02-05,1号线_永安里;1号线_国贸;6号线_呼家楼;6号线_东大桥;10号线_呼家楼;10号线_金台夕照;10号线_国贸," 专项奖金 股票期权 绩效奖金 年终分红"
传智播客,北京传智播客教育科技有限公司,北京,500-2000人,python导师J10091,不限,3-5年,全职,16k-30k,2018-02-02,8号线_育新;13号线_回龙观," 技能培训 绩效奖金 年度旅游 岗位晋升"
北京春笛,北京春笛网络信息技术服务有限公司,北京,15-50人,Python,本科,1-3年,全职,8k-12k,2018-01-29,10号线_知春里;10号线_知春路;10号线_西土城;13号线_大钟寺;13号线_知春路,
传智播客,北京传智播客教育科技有限公司,北京,500-2000人,python导师,大专,1-3年,全职,16k-30k,2018-02-02,8号线_育新;13号线_回龙观," 技能培训 绩效奖金 年度旅游 岗位晋升"
云势软件,云势天下（北京）软件有限公司,北京,50-150人,Python后端工程师,本科,3-5年,全职,15k-20k,2018-02-06,6号线_呼家楼;6号线_东大桥;10号线_农业展览馆;10号线_团结湖;10号线_呼家楼," 年底双薪 专项奖金 绩效奖金 带薪年假"
图森未来,北京图森智途科技有限公司,北京,150-500人,Python后端工程师,不限,不限,全职,11k-20k,2018-02-01,1号线_永安里;1号线_国贸;6号线_呼家楼;6号线_东大桥;10号线_呼家楼;10号线_金台夕照;10号线_国贸," 绩效奖金 弹性工作 五险一金 有力的餐品"
易美健,易思互动（北京）科技有限公司,北京,50-150人,Python工程师,本科,1-3年,全职,9k-18k,2018-02-11,10号线_知春路;13号线_大钟寺;13号线_知春路," 节日礼物 扁平管理 定期体检 五险一金"
爱必投™云灵智链,北京云灵网络科技有限公司,北京,15-50人,Python开发工程师,本科,3-5年,全职,15k-25k,2018-02-08,1号线_永安里;1号线_国贸;6号线_呼家楼;6号线_东大桥;10号线_呼家楼;10号线_金台夕照;10号线_国贸," 年底双薪 专项奖金 股票期权 年终分红"
CDS,北京首都在线科技股份有限公司,北京,150-500人,python研发工程师,本科,5-10年,全职,15k-25k,2018-02-13,," 绩效奖金 通讯津贴 定期体检 带薪年假"
美图公司,厦门美图之家科技有限公司,北京,500-2000人,高级后台工程师-Python（大数据&amp;AI）,本科,3-5年,全职,25k-45k,2018-02-10,," 节日礼物 与大牛共事 福利健全 五险一金"
趣活美食送,北京趣活科技有限公司,北京,2000人以上,Python开发工程师,不限,1-3年,全职,10k-20k,2018-02-05,1号线_四惠东;八通线_四惠东;八通线_高碑店," 绩效奖金 专项奖金 岗位晋升 美女多"
大连信雅达软件有限公司（北京）,大连信雅达软件有限公司,北京,500-2000人,高级python开发工程师,本科,3-5年,全职,8k-15k,2018-02-05,8号线_安德里北街," 技能培训 节日礼物 带薪年假 绩效奖金"
美团点评,上海威烁热能有限公司,北京,2000人以上,Python工程师,本科,3-5年,全职,20k-40k,2018-02-01,15号线_望京东," 年底双薪 股票期权 绩效奖金 带薪年假"
闪银奇异,北京闪银奇异科技有限公司,北京,500-2000人,服务器端 Python 架构师,本科,3-5年,全职,25k-45k,2018-02-08,6号线_呼家楼;10号线_农业展览馆;10号线_团结湖;10号线_呼家楼;14号线东段_枣营;14号线东段_朝阳公园," 13~15薪 晋升空间大 定期体检 能力定薪"
知呱呱,北京知呱呱科技服务有限公司,北京,150-500人,Python后端开发工程师,大专,3-5年,全职,13k-20k,2018-02-05,," 绩效奖金 帅哥多 美女多 节日礼物"
优他动漫,厦门优他动漫科技有限公司,北京,15-50人,python运维,本科,3-5年,全职,10k-20k,2018-02-01,14号线东段_望京;14号线东段_阜通;14号线东段_望京南;15号线_望京东;15号线_望京," 股票期权 年终分红 绩效奖金 专项奖金"
合金理财,北京合金理财科技有限公司,北京,15-50人,Python开发工程师,本科,1-3年,全职,10k-20k,2018-02-10,4号线大兴线_安河桥北;16号线_马连洼," 午餐补助 带薪年假 股票期权 创业公司"
一土科技,一土(北京)网络科技有限公司,北京,15-50人,Python 开发工程师,不限,3-5年,全职,15k-30k,2018-02-05,14号线东段_将台,
奇虎360,上海步捷电器有限公司,北京,2000人以上,Python高级工程师,本科,3-5年,全职,20k-40k,2018-02-01,14号线东段_望京南;14号线东段_将台," 年底双薪 专项奖金 股票期权 绩效奖金"
数智源,北京数智源科技股份有限公司,北京,150-500人,Python开发工程师,本科,3-5年,全职,13k-26k,2018-02-02,5号线_和平里北街;5号线_和平西桥;5号线_惠新西街南口;10号线_安贞门;10号线_惠新西街南口;13号线_光熙门,
元贞佑方,元贞佑方(北京)科技发展有限公司,北京,50-150人,资深Python/Java开发工程师,本科,3-5年,全职,30K-50K,2018-01-31,," """""
全品学堂,北京全品文教科技股份有限公司,北京,500-2000人,Python开发工程师,本科,3-5年,全职,15k-30k,2018-02-07,10号线_长春桥;10号线_火器营," 股票期权 绩效奖金 带薪年假 年终分红"
途游,在线途游（北京）科技有限公司,北京,150-500人,python游戏服务端开发工程师,本科,不限,全职,15k-30k,2018-02-06,5号线_北苑路北;5号线_立水桥南," 股票期权 专项奖金 五险一金 带薪年假"
陌陌,北京陌陌科技有限公司,北京,500-2000人,Python开发工程师(风控开发方向),本科,1-3年,全职,20k-40k,2018-02-06,," 岗位晋升 帅哥多 管理规范 技能培训"
Dilato,迪原创新（北京）科技有限公司,北京,150-500人,Python开发,本科,3-5年,全职,9k-18k,2018-02-06,13号线_西二旗;昌平线_西二旗," 节日礼物 技能培训 带薪年假 年度旅游"
智慧星光,北京智慧星光信息技术有限公司,北京,500-2000人,初级python工程师,本科,不限,全职,4k-8k,2018-02-13,4号线大兴线_海淀黄庄;4号线大兴线_中关村;4号线大兴线_北京大学东门;10号线_苏州街;10号线_海淀黄庄," 五险一金 带薪年假 生日聚会 团队旅游"
超萌,北京超萌国际文化有限公司,北京,50-150人,Python工程师,本科,1-3年,全职,13k-25k,2018-02-10,13号线_五道口;15号线_清华东路西口," 股票期权 扁平管理 领导好 技术驱动"
致趣广告,上海致趣广告有限公司,北京,50-150人,Python开发,本科,1-3年,全职,8k-15k,2018-01-26,14号线东段_将台;14号线东段_东风北桥," 年底双薪 带薪年假 岗位晋升 技能培训"
北京八维研修学院,北京八维研修学院,北京,2000人以上,Python项目经理,本科,5-10年,全职,18K-25K,2018-01-23,16号线_马连洼,
瓜子二手车直卖网,车好多旧机动车经纪(北京)有限公司,北京,2000人以上,Python运维开发,本科,3-5年,全职,15k-30k,2018-01-30,," 带薪年假 弹性工作 免费班车 美女多"
四通工控,北京四通工控技术有限公司,北京,150-500人,Python程序员,本科,3-5年,全职,8K-15K,2018-01-22,4号线大兴线_海淀黄庄;4号线大兴线_中关村;4号线大兴线_北京大学东门;10号线_苏州街;10号线_海淀黄庄;10号线_知春里,
思派,思派（北京）网络科技有限公司,北京,150-500人,python工程师,不限,不限,全职,10k-20k,2018-02-02,2号线_西直门;4号线大兴线_新街口;4号线大兴线_西直门,
北京八维研修学院,北京八维研修学院,北京,2000人以上,Python高级讲师,本科,3-5年,全职,15k-25k,2018-02-03,13号线_上地,
云京,北京云京科技有限公司,北京,15-50人,python后端开发工程师,本科,3-5年,全职,12k-24k,2018-01-24,4号线大兴线_海淀黄庄;4号线大兴线_中关村;4号线大兴线_北京大学东门;10号线_苏州街;10号线_海淀黄庄;10号线_知春里,
陌陌,北京陌陌科技有限公司,北京,500-2000人,Python开发工程师(风控方向),本科,1-3年,全职,18k-36k,2018-02-06,," 岗位晋升 帅哥多 管理规范 技能培训"
智影,北京源石智影科技有限公司,北京,50-150人,python后台开发工程师（分布式计算开发）,本科,5-10年,全职,20k-40k,2018-02-05,1号线_永安里;1号线_国贸;6号线_呼家楼;6号线_东大桥;10号线_呼家楼;10号线_金台夕照;10号线_国贸," 专项奖金 股票期权 绩效奖金 年终分红"
京东商城,郑州蜜淘电子商务有限公司,北京,2000人以上,Python工程师,本科,1-3年,全职,20k-40k,2018-02-01,亦庄线_荣昌东街;亦庄线_同济南路," 年底双薪 免费班车 带薪年假 绩效奖金"
饿了么,拉扎斯网络科技（上海）有限公司,北京,2000人以上,高级python开发（微服务中间件）,本科,1-3年,全职,15k-30k,2018-02-11,14号线东段_阜通;14号线东段_望京南," 节日礼物 绩效奖金 年度旅游 岗位晋升"
大公集团,大公国际信用评级集团有限公司,北京,500-2000人,Python 开发工程师,本科,1-3年,全职,10k-15k,2018-02-07,10号线_三元桥;10号线_亮马桥;机场线_三元桥," 技能培训 带薪年假 岗位晋升 五险一金"
程创科技,程创（北京）科技有限公司,北京,少于15人,Python,本科,1-3年,全职,15k-20k,2018-02-05,4号线大兴线_海淀黄庄;4号线大兴线_中关村;4号线大兴线_北京大学东门;10号线_苏州街;10号线_海淀黄庄," 股票期权 带薪年假 午餐补助 弹性工作"
东方联盟,北京东方联盟科技有限公司,北京,15-50人,Python 后端开发工程师,本科,3-5年,全职,20k-40k,2018-01-23,4号线大兴线_海淀黄庄;4号线大兴线_中关村;4号线大兴线_北京大学东门;10号线_苏州街;10号线_海淀黄庄,
北京超维世纪科技有限公司,北京超维世纪科技有限公司,北京,15-50人,python开发工程师,本科,1-3年,全职,8k-15k,2018-01-26,4号线大兴线_西红门," 绩效奖金 领导好"
大地云游,北京大地云游科技有限公司,北京,150-500人,Python工程师,本科,1年以下,全职,8k-12k,2018-01-21,," 年底双薪 专项奖金 股票期权 带薪年假"
犀牛科技,北京犀牛瀚海科技有限责任公司,北京,15-50人,Python,本科,不限,全职,25K-50K,2018-02-06,10号线_潘家园;14号线东段_北工大西门," 年底双薪 股票期权 年终分红 带薪年假"
十二栋文化,北京十二栋文化传播有限公司,北京,50-150人,Python后端工程师,本科,3-5年,全职,15k-30k,2018-02-05,14号线东段_望京;14号线东段_阜通;14号线东段_望京南;15号线_望京东;15号线_望京," 弹性工作 领导好 扁平管理"
盖娅互娱,北京盖娅互娱网络科技股份有限公司,北京,500-2000人,游戏服务器(Python)开发工程师,本科,1-3年,全职,10k-20k,2018-02-12,14号线东段_望京;15号线_望京东;15号线_望京," 史上最牛团队 五险一金 超豪华办公室 弹性工作"
阿里云,阿里云计算有限公司,北京,2000人以上,基础平台开发工程师C/Go/Python/Java,本科,不限,全职,20k-40k,2018-02-08,1号线_永安里;1号线_国贸;6号线_呼家楼;6号线_东大桥;10号线_呼家楼;10号线_金台夕照;10号线_国贸," 年底双薪 带薪年假 帅哥多 定期体检"
北京八维研修学院,北京八维研修学院,北京,2000人以上,Python项目经理,本科,3-5年,全职,15k-25k,2018-02-02,13号线_西二旗;昌平线_西二旗,
好未来,北京世纪好未来教育科技有限公司,北京,2000人以上,Python后端架构师,本科,5-10年,全职,35k-70k,2018-02-08,4号线大兴线_海淀黄庄;4号线大兴线_中关村;4号线大兴线_北京大学东门;10号线_苏州街;10号线_海淀黄庄;10号线_知春里," 上市公司 领军企业 五险一金 住福计划"
钛媒体,北京灵动新程信息科技有限公司,北京,50-150人,Python工程师,大专,1-3年,全职,8k-15k,2018-01-29,1号线_国贸;6号线_金台路;6号线_呼家楼;6号线_东大桥;10号线_呼家楼;10号线_金台夕照;10号线_国贸;14号线东段_金台路," 专项奖金 绩效奖金 弹性工作 扁平管理"
UnitedStack,UNITEDSTACK（北京）科技有限公司,北京,50-150人,Python开发工程师,本科,不限,全职,15k-25k,2018-02-02,13号线_西二旗;昌平线_西二旗," 工程师文化 节日礼物 绩效奖金 岗位晋升"
Camelia山茶花,北京山茶花科技有限公司,北京,15-50人,Python后端工程师,本科,3-5年,全职,20k-30k,2018-01-26,1号线_大望路;1号线_四惠;6号线_金台路;14号线东段_金台路;14号线东段_大望路," 节日礼物 年底双薪 专项奖金 股票期权"
骑士联盟,骑士联盟（北京）信息服务有限公司,北京,15-50人,Python后端工程师,本科,3-5年,全职,20k-35k,2018-02-09,14号线东段_阜通;14号线东段_望京南," """""
微笑科技,北京微笑科技有限公司,北京,15-50人,Python 游戏服务端开发,本科,1-3年,全职,20k-25k,2018-02-11,15号线_六道口;15号线_清华东路西口," 股票期权 扁平管理 五险一金 男帅女美"
嗨钱科技,北京嗨钱科技有限公司,北京,15-50人,python工程师,大专,1-3年,全职,8k-10k,2018-02-08,1号线_国贸;1号线_大望路;10号线_国贸;14号线东段_大望路,
行数通,北京行数通科技有限公司,北京,少于15人,Python算法工程师,本科,1-3年,全职,15k-30k,2018-01-25,4号线大兴线_海淀黄庄;4号线大兴线_中关村;4号线大兴线_北京大学东门;10号线_苏州街;10号线_海淀黄庄;10号线_知春里," 股票期权 午餐补助 交通补助 通讯津贴"
创新工场AI工程院,创新工场（北京）企业管理股份有限公司,北京,50-150人,全栈工程师（Python）,本科,3-5年,全职,25k-40k,2018-02-05,," 绩效奖金 带薪年假 通讯津贴 年终分红"
区块科技,北京区块科技有限公司,北京,15-50人,高级后端工程师 （python/Django方向),不限,3-5年,全职,15k-30k,2018-02-12,4号线大兴线_海淀黄庄;4号线大兴线_中关村;10号线_海淀黄庄;10号线_知春里;10号线_知春路;13号线_知春路;13号线_五道口," 区块链 绩效奖金 年终分红 带薪年假"
CC视频,创盛视联数码科技（北京）有限公司,北京,150-500人,Python研发工程师,本科,不限,全职,15k-30k,2018-01-30,10号线_西土城;15号线_六道口," 年底双薪 节日礼物 技能培训 年度旅游"
数据堂,数据堂（北京）科技股份有限公司,北京,150-500人,python工程师,本科,1-3年,全职,8k-10k,2018-02-05,4号线大兴线_海淀黄庄;4号线大兴线_中关村;4号线大兴线_北京大学东门;10号线_苏州街;10号线_海淀黄庄;10号线_知春里," 股票期权 福利完善 扁平管理 丰厚奖金"
FIS,北京金城达林医疗科技有限责任公司,北京,15-50人,python开发工程师,本科,1-3年,全职,8k-12k,2018-01-29,4号线大兴线_枣园;4号线大兴线_高米店南;4号线大兴线_高米店北," 年底双薪 绩效奖金 带薪年假 午餐补助"
mioto喵图,北京东方畅享科技有限公司,北京,15-50人,高级后台开发工程师（Python）,本科,3-5年,全职,30k-50k,1天前发布,4号线大兴线_海淀黄庄;4号线大兴线_中关村;4号线大兴线_北京大学东门;10号线_苏州街;10号线_海淀黄庄," 年底双薪 股票期权 绩效奖金 年终分红"
UCloud,上海优刻得信息科技有限公司,北京,500-2000人,UMCloud-Python后端工程师（北京）,本科,1-3年,全职,10k-20k,2018-02-13,4号线大兴线_海淀黄庄;4号线大兴线_中关村;4号线大兴线_北京大学东门;10号线_苏州街;10号线_海淀黄庄," 节日礼物 技能培训 股权激励计划 代码改变世界"
青橙科技,北京青橙信息技术有限公司,北京,50-150人,Python后端工程师,本科,1-3年,全职,15k-25k,2018-02-08,14号线东段_望京南," 年底双薪 股票期权 带薪年假 年度旅游"
中云网安,中云网安科技（北京）有限公司,北京,15-50人,高级Python研发工程师,本科,3-5年,全职,20k-35k,2018-02-13,1号线_永安里;1号线_国贸;1号线_大望路;10号线_金台夕照;10号线_国贸;14号线东段_大望路," 技能培训 股票期权 扁平管理 定期体检"
猎户星空,北京猎户星空科技有限公司,北京,150-500人,Python研发工程师（机器学习方向）,本科,3-5年,全职,18k-35k,2018-02-11,6号线_呼家楼;6号线_东大桥;10号线_农业展览馆;10号线_团结湖;10号线_呼家楼," 年度旅游 弹性工作 领导好 五险一金"
新浪网,新浪网技术（中国）有限公司,北京,2000人以上,Python开发工程师（内容服务平台）,本科,3-5年,全职,12k-24k,2018-02-09,16号线_马连洼," 免费班车 岗位晋升 五险一金 定期体检"
百度,上海文强通讯器材有限公司,北京,2000人以上,Python工程师,不限,1-3年,全职,20k-35k,2018-02-01,13号线_西二旗;昌平线_西二旗,
SpeedyCloud,北京迅达云成科技有限公司,北京,50-150人,Python开发工程师(CDN方向),本科,3-5年,全职,15k-25k,2018-01-31,14号线东段_望京南;14号线东段_将台," 节日礼物 年底双薪 绩效奖金 岗位晋升"
慕课网,北京慕课科技中心,北京,50-150人,python自动化运维-讲师,不限,3-5年,兼职,12k-24k,2018-01-25,4号线大兴线_魏公村;4号线大兴线_人民大学;10号线_长春桥," 节日礼物 技能培训 节日礼品卡 月度团建"
阿里高德移动事业群-高德,阿里巴巴（中国）网络技术有限公司,北京,2000人以上,Python高级工程师,不限,5-10年,全职,20k-40k,2018-02-01,14号线东段_望京;14号线东段_阜通;14号线东段_望京南;15号线_望京," 年底双薪 股票期权 年终分红 专项奖金"
陌陌,北京陌陌科技有限公司,北京,500-2000人,Python开发工程师(数据分析平台开发方向）,本科,1年以下,全职,20k-40k,2018-02-06,," 岗位晋升 帅哥多 管理规范 技能培训"
北京智慧正安科技有限公司,北京智慧正安科技有限公司,北京,15-50人,java/python开发工程师,本科,1-3年,全职,10k-20k,2018-02-05,16号线_马连洼,
瓜子二手车直卖网,车好多旧机动车经纪(北京)有限公司,北京,2000人以上,云平台开发Python、Go,本科,3-5年,全职,20k-40k,2018-01-30,," 带薪年假 弹性工作 免费班车 美女多"
碳阻迹,碳阻迹（北京）科技有限公司,北京,15-50人,Python项目经理,本科,3-5年,全职,15K-25K,2018-02-09,5号线_刘家窑;10号线_成寿寺;10号线_宋家庄;10号线_石榴庄,
联宇益通,北京联宇益通科技发展有限公司,北京,50-150人,初级Python开发工程师,本科,1-3年,全职,6k-9k,2018-01-29,5号线_惠新西街北口;15号线_关庄," 带薪年假 绩效奖金 岗位晋升 扁平管理"
果壳网,北京果壳互动信息技术有限公司,北京,150-500人,后端技术经理（Python web）,本科,5-10年,全职,20k-40k,2018-02-12,1号线_国贸;1号线_大望路;7号线_九龙山;10号线_国贸;14号线东段_大望路;14号线东段_九龙山," 技能培训 年度旅游 岗位晋升 家庭式三餐"
中云网安,中云网安科技（北京）有限公司,北京,15-50人,资深Python研发工程师,本科,5-10年,全职,30k-60k,2018-02-13,1号线_永安里;1号线_国贸;1号线_大望路;10号线_金台夕照;10号线_国贸;14号线东段_大望路," 技能培训 股票期权 扁平管理 定期体检"
陌陌,北京陌陌科技有限公司,北京,500-2000人,python开发工程师(数据挖掘方向),本科,1-3年,全职,18k-36k,2018-02-06,," 岗位晋升 帅哥多 管理规范 技能培训"
慕课网,北京慕课科技中心,北京,50-150人,python自动化运维 讲师,本科,3-5年,兼职,12k-24k,2018-02-12,4号线大兴线_魏公村;4号线大兴线_人民大学," 节日礼物 技能培训 节日礼品卡 月度团建"
天润融通,北京天润融通科技有限公司,北京,150-500人,python开发实习生,本科,1年以下,全职,4k-8k,2018-02-01,," 五险一金 带薪年假 免费班车 领导好"
美灿科技,北京美灿科技有限公司,北京,50-150人,Python工程师（有股票）,不限,3-5年,全职,15k-30k,2018-01-29,1号线_建国门;2号线_东四十条;2号线_朝阳门;2号线_建国门;5号线_灯市口;5号线_东四;6号线_朝阳门;6号线_东四," 股票期权 带薪年假 年终分红 绩效奖金"
景略集智,景略集智(北京)科技有限公司,北京,少于15人,Python 培训讲师,本科,3-5年,全职,20k-25k,2018-02-12,4号线大兴线_海淀黄庄;4号线大兴线_中关村;4号线大兴线_北京大学东门;10号线_苏州街;10号线_海淀黄庄," 人工智能 在线教育"
SpeedyCloud,北京迅达云成科技有限公司,北京,50-150人,Python开发工程师(运营支撑系统方向),本科,3-5年,全职,10k-20k,2018-01-31,14号线东段_望京南;14号线东段_将台," 节日礼物 年底双薪 绩效奖金 岗位晋升"
The ONE,小叶子（北京）科技有限公司,北京,150-500人,python实习生,本科,1年以下,全职,4k-5k,2018-02-11,14号线东段_来广营;14号线东段_东湖渠," 优秀团队 篮球羽毛球队 13薪 技术大牛多"
百观Lab,北京百观科技有限公司,北京,15-50人,Python数据与爬虫工程师,本科,1-3年,全职,17k-26k,2018-02-09,2号线_安定门;2号线_雍和宫;5号线_北新桥;5号线_雍和宫;5号线_和平里北街;13号线_柳芳," 弹性工作 硅谷风格 带薪年假 国际化"
好未来,北京世纪好未来教育科技有限公司,北京,2000人以上,Python后端架构师（AI Lab）,本科,5-10年,全职,30k-50k,2018-01-31,4号线大兴线_人民大学;4号线大兴线_海淀黄庄;4号线大兴线_中关村;10号线_苏州街;10号线_海淀黄庄;10号线_知春里," 上市公司 领军企业 五险一金 住福计划"
清华同衡,北京清华同衡规划设计研究院有限公司,北京,500-2000人,python web 开发工程师,本科,3-5年,全职,15k-25k,2018-01-31,,
小象科技,北京小象科技有限公司,北京,15-50人,Python高级讲师,本科,1-3年,全职,10k-20k,2018-01-26,1号线_永安里;1号线_国贸;7号线_广渠门外;10号线_金台夕照;10号线_国贸;10号线_双井," 年终分红 绩效奖金 股票期权 五险一金"
硬球科技,北京硬球科技有限公司,北京,15-50人,Python服务器开发高级工程师,本科,5-10年,全职,20k-40k,2018-01-22,13号线_上地,
学堂在线,北京慕华信息科技有限公司,北京,150-500人,自动化测试工程师（Python）,本科,3-5年,全职,12k-20k,2018-02-12,4号线大兴线_北京大学东门;13号线_五道口;15号线_清华东路西口," 节日礼物 股票期权 带薪年假 氛围轻松"
泰和盛创,北京泰和盛创科技有限公司,北京,15-50人,Python后端开发,本科,1-3年,全职,8K-15K,2018-02-07,5号线_惠新西街北口;8号线_北土城;8号线_奥体中心;10号线_北土城;10号线_安贞门," 技能培训 带薪年假 绩效奖金 岗位晋升"
